message,lemmas
"Go until jurong point, crazy.. Available only in bugis n great world la e buffet... Cine there got amore wat...",go until jurong point crazy available only in bugis n great world la e buffet Cine there get amore wat
Ok lar... Joking wif u oni...,ok lar joke wif u oni
Free entry in 2 a wkly comp to win FA Cup final tkts 21st May 2005. Text FA to 87121 to receive entry question(std txt rate)T&C's apply 08452810075over18's,free entry in a wkly comp to win FA Cup final tkts May text fa to to receive entry txt apply
U dun say so early hor... U c already then say...,u dun say so early hor u c already then say
"Nah I don't think he goes to usf, he lives around here though",Nah I do think he go to usf he live around here though
"FreeMsg Hey there darling it's been 3 week's now and no word back! I'd like some fun you up for it still? Tb ok! XxX std chgs to send, £1.50 to rcv",FreeMsg hey there darle it be week now and no word back I like some fun you up for it still tb ok XxX std chgs to send to rcv
Even my brother is not like to speak with me. They treat me like aids patent.,even my brother be not like to speak with I they treat I like aids patent
As per your request 'Melle Melle (Oru Minnaminunginte Nurungu Vettam)' has been set as your callertune for all Callers. Press *9 to copy your friends Callertune,as per your request Melle Melle Oru Minnaminunginte Nurungu Vettam have be set as your callertune for all Callers press to copy your friend Callertune
WINNER!! As a valued network customer you have been selected to receivea £900 prize reward! To claim call 09061701461. Claim code KL341. Valid 12 hours only.,WINNER as a value network customer you have be select to receivea prize reward to claim call claim code valid hour only
Had your mobile 11 months or more? U R entitled to Update to the latest colour mobiles with camera for Free! Call The Mobile Update Co FREE on 08002986030,have your mobile month or more U R entitle to update to the late colour mobile with camera for free call the Mobile Update Co free on
"I'm gonna be home soon and i don't want to talk about this stuff anymore tonight, k? I've cried enough today.",I go to be home soon and I do want to talk about this stuff anymore tonight k I cry enough today
"SIX chances to win CASH! From 100 to 20,000 pounds txt> CSH11 and send to 87575. Cost 150p/day, 6days, 16+ TsandCs apply Reply HL 4 info",six chance to win cash from to pound txt and send to Cost day tsandcs apply Reply HL info
"URGENT! You have won a 1 week FREE membership in our £100,000 Prize Jackpot! Txt the word: CLAIM to No: 81010 T&C www.dbuk.net LCCLTD POBOX 4403LDNW1A7RW18",URGENT you have win a week free membership in our Prize Jackpot txt the word claim to no LCCLTD POBOX
I've been searching for the right words to thank you for this breather. I promise i wont take your help for granted and will fulfil my promise. You have been wonderful and a blessing at all times.,I be search for the right word to thank you for this breather I promise I will not take your help for grant and will fulfil my promise you have be wonderful and a blessing at all time
I HAVE A DATE ON SUNDAY WITH WILL!!,I have a date on SUNDAY with WILL
"XXXMobileMovieClub: To use your credit, click the WAP link in the next txt message or click here>> http://wap. xxxmobilemovieclub.com?n=QJKGIGHJJGCBL",XXXMobileMovieClub to use your credit click the WAP link in the next txt message or click here
Oh k...i'm watching here:),oh k watch here
Eh u remember how 2 spell his name... Yes i did. He v naughty make until i v wet.,eh u remember how spell his name yes I do he v naughty make until I v wet
Fine if thats the way u feel. Thats the way its gota b,fine if the way u feel the way its gota b
"England v Macedonia - dont miss the goals/team news. Txt ur national team to 87077 eg ENGLAND to 87077 Try:WALES, SCOTLAND 4txt/ú1.20 POBOXox36504W45WQ 16+",England v Macedonia do not miss the goal team news txt ur national team to eg ENGLAND to try WALES SCOTLAND
Is that seriously how you spell his name?,be that seriously how you spell his name
I‘m going to try for 2 months ha ha only joking,go to try for month ha ha only joke
So ü pay first lar... Then when is da stock comin...,so ü pay first lar then when be da stock comin
Aft i finish my lunch then i go str down lor. Ard 3 smth lor. U finish ur lunch already?,aft I finish my lunch then I go str down lor ard smth lor u finish ur lunch already
Ffffffffff. Alright no way I can meet up with you sooner?,ffffffffff alright no way I can meet up with you soon
Just forced myself to eat a slice. I'm really not hungry tho. This sucks. Mark is getting worried. He knows I'm sick when I turn down pizza. Lol,just force myself to eat a slice I really not hungry tho this suck Mark be get worried he know I sick when I turn down pizza lol
Lol your always so convincing.,lol your always so convincing
Did you catch the bus ? Are you frying an egg ? Did you make a tea? Are you eating your mom's left over dinner ? Do you feel my Love ?,do you catch the bus be you fry an egg do you make a tea be you eat your mom leave over dinner do you feel my Love
"I'm back &amp; we're packing the car now, I'll let you know if there's room",I back amp we pack the car now I let you know if there room
Ahhh. Work. I vaguely remember that! What does it feel like? Lol,ahhh work I vaguely remember that what do it feel like lol
"Wait that's still not all that clear, were you not sure about me being sarcastic or that that's why x doesn't want to live with us",wait that still not all that clear be you not sure about I be sarcastic or that that why x do want to live with we
Yeah he got in at 2 and was v apologetic. n had fallen out and she was actin like spoilt child and he got caught up in that. Till 2! But we won't go there! Not doing too badly cheers. You? ,yeah he get in at and be v apologetic n have fall out and she be actin like spoilt child and he get catch up in that till but we will go there not do too badly cheer you
K tell me anything about you.,K tell I anything about you
For fear of fainting with the of all that housework you just did? Quick have a cuppa,for fear of faint with the of all that housework you just do Quick have a cuppa
Thanks for your subscription to Ringtone UK your mobile will be charged £5/month Please confirm by replying YES or NO. If you reply NO you will not be charged,thank for your subscription to Ringtone UK your mobile will be charge month please confirm by reply yes or NO if you reply no you will not be charge
Yup... Ok i go home look at the timings then i msg ü again... Xuhui going to learn on 2nd may too but her lesson is at 8am,yup ok I go home look at the timing then I msg ü again Xuhui go to learn on may too but her lesson be at am
"Oops, I'll let you know when my roommate's done",oops I let you know when my roommate do
I see the letter B on my car,I see the letter b on my car
Anything lor... U decide...,Anything lor u decide
Hello! How's you and how did saturday go? I was just texting to see if you'd decided to do anything tomo. Not that i'm trying to invite myself or anything!,hello how you and how do saturday go I be just texte to see if you decide to do anything tomo not that I try to invite myself or anything
Pls go ahead with watts. I just wanted to be sure. Do have a great weekend. Abiola,pls go ahead with watt I just want to be sure do have a great weekend Abiola
"Did I forget to tell you ? I want you , I need you, I crave you ... But most of all ... I love you my sweet Arabian steed ... Mmmmmm ... Yummy",do I forget to tell you I want you I need you I crave you but most of all I love you my sweet arabian steed mmmmmm yummy
07732584351 - Rodger Burns - MSG = We tried to call you re your reply to our sms for a free nokia mobile + free camcorder. Please call now 08000930705 for delivery tomorrow,Rodger Burns MSG we try to call you re your reply to our sms for a free nokia mobile free camcorder please call now for delivery tomorrow
WHO ARE YOU SEEING?,who be you see
Great! I hope you like your man well endowed. I am  &lt;#&gt;  inches...,great I hope you like your man well endow I be inch
No calls..messages..missed calls,no call message miss call
Didn't you get hep b immunisation in nigeria.,do you get hep b immunisation in nigeria
"Fair enough, anything going on?",fair enough anything go on
"Yeah hopefully, if tyler can't do it I could maybe ask around a bit",yeah hopefully if tyler can do it I could maybe ask around a bit
U don't know how stubborn I am. I didn't even want to go to the hospital. I kept telling Mark I'm not a weak sucker. Hospitals are for weak suckers.,u do know how stubborn I be I do even want to go to the hospital I keep tell Mark I not a weak sucker hospital be for weak sucker
What you thinked about me. First time you saw me in class.,what you think about I first time you see I in class
"A gram usually runs like  &lt;#&gt; , a half eighth is smarter though and gets you almost a whole second gram for  &lt;#&gt;",a gram usually run like a half eighth be smart though and get you almost a whole second gram for
K fyi x has a ride early tomorrow morning but he's crashing at our place tonight,K fyi x have a ride early tomorrow morning but he crash at our place tonight
"Wow. I never realized that you were so embarassed by your accomodations. I thought you liked it, since i was doing the best i could and you always seemed so happy about ""the cave"". I'm sorry I didn't and don't have more to give. I'm sorry i offered. I'm sorry your room was so embarassing.",wow I never realize that you be so embarasse by your accomodation I think you like it since I be do the good I could and you always seem so happy about the cave I sorry I do and do have more to give I sorry I offer I sorry your room be so embarasse
SMS. ac Sptv: The New Jersey Devils and the Detroit Red Wings play Ice Hockey. Correct or Incorrect? End? Reply END SPTV,SMS ac Sptv the New Jersey Devils and the Detroit Red Wings play Ice Hockey correct or incorrect end reply END SPTV
Do you know what Mallika Sherawat did yesterday? Find out now @  &lt;URL&gt;,do you know what Mallika Sherawat do yesterday find out now
"Congrats! 1 year special cinema pass for 2 is yours. call 09061209465 now! C Suprman V, Matrix3, StarWars3, etc all 4 FREE! bx420-ip4-5we. 150pm. Dont miss out! ",Congrats year special cinema pass for be your call now c Suprman V etc all free do not miss out
"Sorry, I'll call later in meeting.",sorry I call later in meeting
Tell where you reached,tell where you reach
Yes..gauti and sehwag out of odi series.,yes gauti and sehwag out of odi series
Your gonna have to pick up a $1 burger for yourself on your way home. I can't even move. Pain is killing me.,your go to have to pick up a burger for yourself on your way home I can even move pain be kill I
Ha ha ha good joke. Girls are situation seekers.,ha ha ha good joke girl be situation seeker
Its a part of checking IQ,its a part of check IQ
"Sorry my roommates took forever, it ok if I come by now?",sorry my roommate take forever it ok if I come by now
Ok lar i double check wif da hair dresser already he said wun cut v short. He said will cut until i look nice.,ok lar I double check wif da hair dresser already he say wun cut v short he say will cut until I look nice
"As a valued customer, I am pleased to advise you that following recent review of your Mob No. you are awarded with a £1500 Bonus Prize, call 09066364589",as a value customer I be pleased to advise you that follow recent review of your Mob No you be award with a Bonus Prize call
"Today is ""song dedicated day.."" Which song will u dedicate for me? Send this to all ur valuable frnds but first rply me...",today be song dedicated day which song will u dedicate for I send this to all ur valuable frnd but first rply I
"Urgent UR awarded a complimentary trip to EuroDisinc Trav, Aco&Entry41 Or £1000. To claim txt DIS to 87121 18+6*£1.50(moreFrmMob. ShrAcomOrSglSuplt)10, LS1 3AJ",Urgent UR award a complimentary trip to EuroDisinc Trav or to claim txt DIS to
"Did you hear about the new ""Divorce Barbie""? It comes with all of Ken's stuff!",do you hear about the new Divorce Barbie it come with all of Ken stuff
I plane to give on this month end.,I plane to give on this month end
Wah lucky man... Then can save money... Hee...,wah lucky man then can save money Hee
Finished class where are you.,finished class where be you
HI BABE IM AT HOME NOW WANNA DO SOMETHING? XX,HI babe IM AT HOME now WANNA do something XX
K..k:)where are you?how did you performed?,K be do you perform
U can call me now...,u can call I now
I am waiting machan. Call me once you free.,I be wait machan call I once you free
Thats cool. i am a gentleman and will treat you with dignity and respect.,that s cool I be a gentleman and will treat you with dignity and respect
I like you peoples very much:) but am very shy pa.,I like you people very much but be very shy pa
Does not operate after  &lt;#&gt;  or what,do not operate after or what
Its not the same here. Still looking for a job. How much do Ta's earn there.,its not the same here still look for a job how much do Ta earn there
"Sorry, I'll call later",sorry I call later
K. Did you call me just now ah? ,do you call I just now ah
Ok i am on the way to home hi hi,ok I be on the way to home hi hi
You will be in the place of that man,you will be in the place of that man
Yup next stop.,yup next stop
"I call you later, don't have network. If urgnt, sms me.",I call you later do have network if urgnt sm I
For real when u getting on yo? I only need 2 more tickets and one more jacket and I'm done. I already used all my multis.,for real when u get on yo I only need more ticket and one more jacket and I do I already use all my multis
Yes I started to send requests to make it but pain came back so I'm back in bed. Double coins at the factory too. I gotta cash in all my nitros.,yes I start to send request to make it but pain come back so I back in bed double coin at the factory too I get to cash in all my nitro
I'm really not up to it still tonight babe,I really not up to it still tonight babe
"Ela kano.,il download, come wen ur free..",Ela kano download come wen ur free
Yeah do! Don‘t stand to close tho- you‘ll catch something!,yeah do stand to close catch something
Sorry to be a pain. Is it ok if we meet another night? I spent late afternoon in casualty and that means i haven't done any of y stuff42moro and that includes all my time sheets and that. Sorry. ,sorry to be a pain be it ok if we meet another night I spend late afternoon in casualty and that mean I have do any of y and that include all my time sheet and that sorry
Smile in Pleasure Smile in Pain Smile when trouble pours like Rain Smile when sum1 Hurts U Smile becoz SOMEONE still Loves to see u Smiling!!,smile in Pleasure Smile in Pain Smile when trouble pour like rain Smile when hurt U Smile becoz someone still love to see u smile
Please call our customer service representative on 0800 169 6031 between 10am-9pm as you have WON a guaranteed £1000 cash or £5000 prize!,please call our customer service representative on between as you have WON a guarantee cash or prize
Havent planning to buy later. I check already lido only got 530 show in e afternoon. U finish work already?,have not plan to buy later I check already lido only get show in e afternoon u finish work already
"Your free ringtone is waiting to be collected. Simply text the password ""MIX"" to 85069 to verify. Get Usher and Britney. FML, PO Box 5249, MK17 92H. 450Ppw 16",your free ringtone be wait to be collect simply text the password MIX to to verify get Usher and Britney FML PO Box
Watching telugu movie..wat abt u?,watch telugu movie wat abt u
i see. When we finish we have loads of loans to pay,I see when we finish we have load of loan to pay
"Hi. Wk been ok - on hols now! Yes on for a bit of a run. Forgot that i have hairdressers appointment at four so need to get home n shower beforehand. Does that cause prob for u?""",hi Wk be ok on hol now yes on for a bit of a run forgot that I have hairdresser appointment at four so need to get home n shower beforehand do that cause prob for u
I see a cup of coffee animation,I see a cup of coffee animation
Please don't text me anymore. I have nothing else to say.,please do text I anymore I have nothing else to say
Okay name ur price as long as its legal! Wen can I pick them up? Y u ave x ams xx,okay name ur price as long as its legal Wen can I pick they up Y u ave x ams xx
I'm still looking for a car to buy. And have not gone 4the driving test yet.,I still look for a car to buy and have not go drive test yet
As per your request 'Melle Melle (Oru Minnaminunginte Nurungu Vettam)' has been set as your callertune for all Callers. Press *9 to copy your friends Callertune,as per your request Melle Melle Oru Minnaminunginte Nurungu Vettam have be set as your callertune for all Callers press to copy your friend Callertune
"wow. You're right! I didn't mean to do that. I guess once i gave up on boston men and changed my search location to nyc, something changed. Cuz on my signin page it still says boston.",wow you right I do mean to do that I guess once I give up on boston man and change my search location to nyc something change cuz on my signin page it still say boston
Umma my life and vava umma love you lot dear,umma my life and vava umma love you lot dear
Thanks a lot for your wishes on my birthday. Thanks you for making my birthday truly memorable.,thank a lot for your wish on my birthday thank you for make my birthday truly memorable
"Aight, I'll hit you up when I get some cash",Aight I hit you up when I get some cash
How would my ip address test that considering my computer isn't a minecraft server,how would my ip address test that consider my computer be a minecraft server
I know! Grumpy old people. My mom was like you better not be lying. Then again I am always the one to play jokes...,I know grumpy old people my mom be like you well not be lie then again I be always the one to play joke
Dont worry. I guess he's busy.,do not worry I guess he busy
What is the plural of the noun research?,what be the plural of the noun research
Going for dinner.msg you after.,go for you after
I'm ok wif it cos i like 2 try new things. But i scared u dun like mah. Cos u said not too loud.,I ok wif it cos I like try new thing but I scar u dun like mah cos u say not too loud
GENT! We are trying to contact you. Last weekends draw shows that you won a £1000 prize GUARANTEED. Call 09064012160. Claim Code K52. Valid 12hrs only. 150ppm,GENT we be try to contact you last weekend draw show that you win a prize guarantee call claim Code valid only
"Wa, ur openin sentence very formal... Anyway, i'm fine too, juz tt i'm eatin too much n puttin on weight...Haha... So anythin special happened?",wa ur openin sentence very formal anyway I fine too juz tt I eatin too much n puttin on weight haha so anythin special happen
"As I entered my cabin my PA said, '' Happy B'day Boss !!''. I felt special. She askd me 4 lunch. After lunch she invited me to her apartment. We went there.",as I enter my cabin my PA say Happy Boss I feel special she askd I lunch after lunch she invite I to her apartment we go there
You are a winner U have been specially selected 2 receive £1000 or a 4* holiday (flights inc) speak to a live operator 2 claim 0871277810910p/min (18+) ,you be a winner u have be specially select receive or a holiday flights inc speak to a live operator claim min
Goodo! Yes we must speak friday - egg-potato ratio for tortilla needed! ,Goodo yes we must speak friday egg potato ratio for tortilla need
Hmm...my uncle just informed me that he's paying the school directly. So pls buy food.,Hmm my uncle just inform I that he pay the school directly so pls buy food
PRIVATE! Your 2004 Account Statement for 07742676969 shows 786 unredeemed Bonus Points. To claim call 08719180248 Identifier Code: 45239 Expires,private your Account Statement for show unredeemed Bonus Points to claim call Identifier Code expire
"URGENT! Your Mobile No. was awarded £2000 Bonus Caller Prize on 5/9/03 This is our final try to contact U! Call from Landline 09064019788 BOX42WR29C, 150PPM",URGENT your Mobile no be award Bonus Caller Prize on this be our final try to contact u call from Landline
here is my new address -apples&pairs&all that malarky,here be my new address that malarky
Todays Voda numbers ending 7548 are selected to receive a $350 award. If you have a match please call 08712300220 quoting claim code 4041 standard rates app,today Voda number end be select to receive a award if you have a match please call quote claim code standard rate app
I am going to sao mu today. Will be done only at 12 ,I be go to sao mu today will be do only at
Ü predict wat time ü'll finish buying?,Ü predict wat time finish buy
"Good stuff, will do.",good stuff will do
"Just so that you know,yetunde hasn't sent money yet. I just sent her a text not to bother sending. So its over, you dont have to involve yourself in anything. I shouldn't have imposed anything on you in the first place so for that, i apologise.",just so that you know yetunde have send money yet I just send she a text not to bother send so its over you do not have to involve yourself in anything I should have impose anything on you in the first place so for that I apologise
Are you there in room.,be you there in room
HEY GIRL. HOW R U? HOPE U R WELL ME AN DEL R BAK! AGAIN LONG TIME NO C! GIVE ME A CALL SUM TIME FROM LUCYxx,HEY GIRL how r u HOPE U R well I an DEL R BAK again long time no c give I a call sum time from LUCYxx
K..k:)how much does it cost?,K much do it cost
I'm home.,I home
"Dear, will call Tmorrow.pls accomodate.",dear will call accomodate
First answer my question.,first answer my question
Sunshine Quiz Wkly Q! Win a top Sony DVD player if u know which country the Algarve is in? Txt ansr to 82277. £1.50 SP:Tyrone,Sunshine Quiz Wkly Q win a top Sony dvd player if u know which country the Algarve be in txt ansr to SP tyrone
Want 2 get laid tonight? Want real Dogging locations sent direct 2 ur mob? Join the UK's largest Dogging Network bt Txting GRAVEL to 69888! Nt. ec2a. 31p.msg@150p,want get lay tonight want real dogging location send direct ur mob join the UK large dog Network bt txte GRAVEL to Nt
I only haf msn. It's yijue@hotmail.com,I only haf msn it
He is there. You call and meet him,he be there you call and meet he
No no. I will check all rooms befor activities,no no I will check all room befor activity
You'll not rcv any more msgs from the chat svc. For FREE Hardcore services text GO to: 69988 If u get nothing u must Age Verify with yr network & try again,you not rcv any more msg from the chat svc for free Hardcore service text GO to if u get nothing u must Age verify with yr network try again
Got c... I lazy to type... I forgot ü in lect... I saw a pouch but like not v nice...,Got c I lazy to type I forgot ü in lect I see a pouch but like not v nice
"K, text me when you're on the way",k text I when you on the way
"Sir, Waiting for your mail.",Sir wait for your mail
"A swt thought: ""Nver get tired of doing little things 4 lovable persons.."" Coz..somtimes those little things occupy d biggest part in their Hearts.. Gud ni8",a swt thought nver get tired of do little thing lovable person Coz somtime those little thing occupy d big part in their Hearts gud
I know you are. Can you pls open the back?,I know you be can you pls open the back
Yes see ya not on the dot,yes see ya not on the dot
Whats the staff name who is taking class for us?,what s the staff name who be take class for we
"FreeMsg Why haven't you replied to my text? I'm Randy, sexy, female and live local. Luv to hear from u. Netcollex Ltd 08700621170150p per msg reply Stop to end",FreeMsg why have you reply to my text I Randy sexy female and live local Luv to hear from Netcollex Ltd per msg reply stop to end
Ummma.will call after check in.our life will begin from qatar so pls pray very hard.,call after check life will begin from qatar so pls pray very hard
K..i deleted my contact that why?,K I delete my contact that why
Sindu got job in birla soft ..,sindu get job in birla soft
The wine is flowing and i'm i have nevering..,the wine be flow and I I have nevere
Yup i thk cine is better cos no need 2 go down 2 plaza mah.,yup I thk cine be well cos no need go down plaza mah
Ok... Ur typical reply...,ok ur typical reply
As per your request 'Melle Melle (Oru Minnaminunginte Nurungu Vettam)' has been set as your callertune for all Callers. Press *9 to copy your friends Callertune,as per your request Melle Melle Oru Minnaminunginte Nurungu Vettam have be set as your callertune for all Callers press to copy your friend Callertune
"You are everywhere dirt, on the floor, the windows, even on my shirt. And sometimes when i open my mouth, you are all that comes flowing out. I dream of my world without you, then half my chores are out too. A time of joy for me, lots of tv shows i.ll see. But i guess like all things you just must exist, like rain, hail and mist, and when my time here is done, you and i become one.",you be everywhere dirt on the floor the window even on my shirt and sometimes when I open my mouth you be all that come flow out I dream of my world without you then half my chore be out too a time of joy for I lot of tv show see but I guess like all thing you just must exist like rain hail and mist and when my time here be do you and I become one
Aaooooright are you at work?,aaooooright be you at work
I'm leaving my house now...,I leave my house now
"Hello, my love. What are you doing? Did you get to that interview today? Are you you happy? Are you being a good boy? Do you think of me?Are you missing me ?",hello my love what be you do do you get to that interview today be you you happy be you be a good boy do you think of you miss I
Customer service annoncement. You have a New Years delivery waiting for you. Please call 07046744435 now to arrange delivery,customer service annoncement you have a New Years delivery wait for you please call now to arrange delivery
You are a winner U have been specially selected 2 receive £1000 cash or a 4* holiday (flights inc) speak to a live operator 2 claim 0871277810810,you be a winner u have be specially select receive cash or a holiday flights inc speak to a live operator claim
Keep yourself safe for me because I need you and I miss you already and I envy everyone that see's you in real life,keep yourself safe for I because I need you and I miss you already and I envy everyone that see you in real life
New car and house for my parents.:)i have only new job in hand:),new car and house for my have only new job in hand
I'm so in love with you. I'm excited each day i spend with you. You make me so happy.,I so in love with you I excited each day I spend with you you make I so happy
-PLS STOP bootydelious (32/F) is inviting you to be her friend. Reply YES-434 or NO-434 See her: www.SMS.ac/u/bootydelious STOP? Send STOP FRND to 62468,stop bootydelious F be invite you to be her friend Reply or see she stop send stop FRND to
"BangBabes Ur order is on the way. U SHOULD receive a Service Msg 2 download UR content. If U do not, GoTo wap. bangb. tv on UR mobile internet/service menu",bangbabe ur order be on the way u SHOULD receive a Service Msg download UR content if u do not GoTo wap bangb tv on UR mobile internet service menu
I place all ur points on e cultures module already.,I place all ur point on e culture module already
URGENT! We are trying to contact you. Last weekends draw shows that you have won a £900 prize GUARANTEED. Call 09061701939. Claim code S89. Valid 12hrs only,URGENT we be try to contact you last weekend draw show that you have win a prize guarantee call Claim code valid only
"Hi frnd, which is best way to avoid missunderstding wit our beloved one's?",hi frnd which be good way to avoid missunderstde wit our beloved one
Great escape. I fancy the bridge but needs her lager. See you tomo ,great escape I fancy the bridge but need her lager see you tomo
Yes :)it completely in out of form:)clark also utter waste.,yes it completely in out of also utter waste
"Sir, I need AXIS BANK account no and bank address.",Sir I need AXIS BANK account no and bank address
"Hmmm.. Thk sure got time to hop ard... Ya, can go 4 free abt... Muz call u to discuss liao... ",Hmmm Thk sure get time to hop ard ya can go free abt muz call u to discuss liao
What time you coming down later? ,what time you come down later
"Bloody hell, cant believe you forgot my surname Mr . Ill give u a clue, its spanish and begins with m... ",bloody hell can not believe you forgot my surname Mr Ill give u a clue its spanish and begin with m
"Well, i'm gonna finish my bath now. Have a good...fine night.",well I go to finish my bath now have a good fine night
Let me know when you've got the money so carlos can make the call,let I know when you get the money so carlos can make the call
U still going to the mall?,u still go to the mall
"Turns out my friends are staying for the whole show and won't be back til ~ &lt;#&gt; , so feel free to go ahead and smoke that $ &lt;#&gt;  worth",turn out my friend be stay for the whole show and will be back til so feel free to go ahead and smoke that worth
Text her. If she doesnt reply let me know so i can have her log in,text she if she do not reply let I know so I can have her log in
Hi! You just spoke to MANEESHA V. We'd like to know if you were satisfied with the experience. Reply Toll Free with Yes or No.,hi you just speak to MANEESHA we like to know if you be satisfied with the experience Reply Toll Free with yes or no
You lifted my hopes with the offer of money. I am in need. Especially when the end of the month approaches and it hurts my studying. Anyways have a gr8 weekend,you lift my hope with the offer of money I be in need especially when the end of the month approach and it hurt my studying anyway have a weekend
Lol no. U can trust me.,lol no u can trust I
ok. I am a gentleman and will treat you with dignity and respect.,ok I be a gentleman and will treat you with dignity and respect
"He will, you guys close?",he will you guy close
Going on nothing great.bye,go on nothing
Hello handsome ! Are you finding that job ? Not being lazy ? Working towards getting back that net for mummy ? Where's my boytoy now ? Does he miss me ?,hello handsome be you find that job not be lazy work towards get back that net for mummy where my boytoy now do he miss I
"Haha awesome, be there in a minute",Haha awesome be there in a minute
Please call our customer service representative on FREEPHONE 0808 145 4742 between 9am-11pm as you have WON a guaranteed £1000 cash or £5000 prize!,please call our customer service representative on freephone between as you have WON a guarantee cash or prize
Have you got Xmas radio times. If not i will get it now,have you get Xmas radio time if not I will get it now
I jus reached home. I go bathe first. But my sis using net tell u when she finishes k...,I jus reach home I go bathe first but my sis use net tell u when she finish k
Are you unique enough? Find out from 30th August. www.areyouunique.co.uk,be you unique enough find out from August
I'm sorry. I've joined the league of people that dont keep in touch. You mean a great deal to me. You have been a friend at all times even at great personal cost. Do have a great week.|,I sorry I join the league of people that do not keep in touch you mean a great deal to I you have be a friend at all time even at great personal cost do have a great
Hi :)finally i completed the course:),hi finally I complete the course
It will stop on itself. I however suggest she stays with someone that will be able to give ors for every stool.,it will stop on itself I however suggest she stay with someone that will be able to give or for every stool
How are you doing? Hope you've settled in for the new school year. Just wishin you a gr8 day,how be you do hope you settle in for the new school year just wishin you a day
Gud mrng dear hav a nice day,gud mrng dear hav a nice day
Did u got that persons story,do u get that person story
is your hamster dead? Hey so tmr i meet you at 1pm orchard mrt? ,be your hamster dead hey so tmr I meet you at pm orchard mrt
Hi its Kate how is your evening? I hope i can see you tomorrow for a bit but i have to bloody babyjontet! Txt back if u can. :) xxx,hi its Kate how be your evening I hope I can see you tomorrow for a bit but I have to bloody babyjontet txt back if u can xxx
"Found it, ENC  &lt;#&gt; , where you at?",find it ENC where you at
I sent you  &lt;#&gt;  bucks,I send you buck
Hello darlin ive finished college now so txt me when u finish if u can love Kate xxx,hello darlin I ve finish college now so txt I when u finish if u can love Kate xxx
Your account has been refilled successfully by INR  &lt;DECIMAL&gt; . Your KeralaCircle prepaid account balance is Rs  &lt;DECIMAL&gt; . Your Transaction ID is KR &lt;#&gt; .,your account have be refill successfully by INR your KeralaCircle prepay account balance be r your Transaction ID be KR
Goodmorning sleeping ga.,Goodmorning sleep ga
U call me alter at 11 ok.,u call I alter at ok
Ü say until like dat i dun buy ericsson oso cannot oredi lar...,Ü say until like dat I dun buy ericsson oso can not oredi lar
"As I entered my cabin my PA said, '' Happy B'day Boss !!''. I felt special. She askd me 4 lunch. After lunch she invited me to her apartment. We went there.",as I enter my cabin my PA say Happy Boss I feel special she askd I lunch after lunch she invite I to her apartment we go there
"Aight yo, dats straight dogg",aight yo dat straight dogg
You please give us connection today itself before  &lt;DECIMAL&gt;  or refund the bill,you please give we connection today itself before or refund the bill
Both :) i shoot big loads so get ready!,both I shoot big load so get ready
"What's up bruv, hope you had a great break. Do have a rewarding semester.",what up bruv hope you have a great break do have a rewarding semester
Home so we can always chat,home so we can always chat
K:)k:)good:)study well.,well
Yup... How ü noe leh...,yup how ü noe leh
Sounds great! Are you home now?,sound great be you home now
Finally the match heading towards draw as your prediction.,finally the match head towards draw as your prediction
Tired. I haven't slept well the past few nights.,tired I have sleep well the past few night
Easy ah?sen got selected means its good..,Easy get select mean its good
I have to take exam with march 3,I have to take exam with march
Yeah you should. I think you can use your gt atm now to register. Not sure but if there's anyway i can help let me know. But when you do be sure you are ready.,yeah you should I think you can use your gt atm now to register not sure but if there anyway I can help let I know but when you do be sure you be ready
Ok no prob. Take ur time.,ok no prob take ur time
There is os called ubandu which will run without installing in hard disk...you can use that os to copy the important files in system and give it to repair shop..,there be os call ubandu which will run without instal in hard disk you can use that os to copy the important file in system and give it to repair shop
"Sorry, I'll call later",sorry I call later
U say leh... Of course nothing happen lar. Not say v romantic jus a bit only lor. I thk e nite scenery not so nice leh.,u say leh of course nothing happen lar not say v romantic jus a bit only lor I thk e nite scenery not so nice leh
"500 New Mobiles from 2004, MUST GO! Txt: NOKIA to No: 89545 & collect yours today!From ONLY £1 www.4-tc.biz 2optout 087187262701.50gbp/mtmsg18",New Mobiles from must GO txt NOKIA to no collect yours only
Would really appreciate if you call me. Just need someone to talk to.,would really appreciate if you call I just need someone to talk to
"Will u meet ur dream partner soon? Is ur career off 2 a flyng start? 2 find out free, txt HORO followed by ur star sign, e. g. HORO ARIES",will u meet ur dream partner soon be ur career off a flyng start find out free txt HORO follow by ur star sign HORO ARIES
Hey company elama po mudyadhu.,hey company elama po mudyadhu
"Life is more strict than teacher... Bcoz Teacher teaches lesson &amp; then conducts exam, But Life first conducts Exam &amp; then teaches Lessons. Happy morning. . .",life be more strict than teacher Bcoz Teacher teach lesson amp then conduct exam but life first conduct Exam amp then teach Lessons happy morning
Dear good morning now only i am up,dear good morning now only I be up
Get down in gandhipuram and walk to cross cut road. Right side &lt;#&gt; street road and turn at first right.,get down in gandhipuram and walk to cross cut road right side street road and turn at first right
Dear we are going to our rubber place,dear we be go to our rubber place
"Sorry battery died, yeah I'm here",sorry battery die yeah I here
Yes:)here tv is always available in work place..,tv be always available in work place
Text & meet someone sexy today. U can find a date or even flirt its up to U. Join 4 just 10p. REPLY with NAME & AGE eg Sam 25. 18 -msg recd@thirtyeight pence,text meet someone sexy today u can find a date or even flirt its up to Join just reply with NAME AGE eg Sam pence
I have printed it oh. So  &lt;#&gt;  come upstairs,I have print it oh so come upstairs
Or ill be a little closer like at the bus stop on the same street,or ill be a little close like at the bus stop on the same street
Where are you?when wil you reach here?,where be wil you reach here
"New Theory: Argument wins d SITUATION, but loses the PERSON. So dont argue with ur friends just.. . . . kick them &amp; say, I'm always correct.!",New theory Argument win d SITUATION but lose the person so do not argue with ur friend just kick they amp say I always correct
U 447801259231 have a secret admirer who is looking 2 make contact with U-find out who they R*reveal who thinks UR so special-call on 09058094597,u have a secret admirer who be look make contact with U find out who they who think UR so special call on
Tomarrow final hearing on my laptop case so i cant.,Tomarrow final hearing on my laptop case so I can not
PLEASSSSSSSEEEEEE TEL ME V AVENT DONE SPORTSx,pleassssssseeeeee TEL ME v avent do SPORTSx
"Okay. No no, just shining on. That was meant to be signing, but that sounds better.",okay no no just shin on that be mean to be sign but that sound well
"Although i told u dat i'm into baig face watches now but i really like e watch u gave cos it's fr u. Thanx 4 everything dat u've done today, i'm touched...",although I tell u dat I into baig face watch now but I really like e watch u give cos it fr Thanx everything dat do today I touch
U don't remember that old commercial?,u do remember that old commercial
Too late. I said i have the website. I didn't i have or dont have the slippers,too late I say I have the website I do I have or do not have the slipper
I asked you to call him now ok,I ask you to call he now ok
Kallis wont bat in 2nd innings.,Kallis will not bat in innings
It didnt work again oh. Ok goodnight then. I.ll fix and have it ready by the time you wake up. You are very dearly missed have a good night sleep.,it do not work again oh ok goodnight then fix and have it ready by the time you wake up you be very dearly miss have a good night sleep
Congratulations ur awarded 500 of CD vouchers or 125gift guaranteed & Free entry 2 100 wkly draw txt MUSIC to 87066 TnCs www.Ldew.com1win150ppmx3age16,congratulation ur award of cd voucher or guarantee Free entry wkly draw txt music to TnCs www
Ranjith cal drpd Deeraj and deepak 5min hold,Ranjith cal drpd Deeraj and deepak hold
"Wen ur lovable bcums angry wid u, dnt take it seriously.. Coz being angry is d most childish n true way of showing deep affection, care n luv!.. kettoda manda... Have nice day da.",Wen ur lovable bcum angry wid u dnt take it seriously Coz be angry be d most childish n true way of show deep affection care n luv kettoda manda have nice day da
What you doing?how are you?,what you be you
"Ups which is 3days also, and the shipping company that takes 2wks. The other way is usps which takes a week but when it gets to lag you may have to bribe nipost to get your stuff.",Ups which be also and the ship company that take the other way be usps which take a week but when it get to lag you may have to bribe nipost to get your stuff
"I'm back, lemme know when you're ready",I back lemme know when you ready
Don't necessarily expect it to be done before you get back though because I'm just now headin out,do necessarily expect it to be do before you get back though because I just now headin out
Mmm so yummy babe ... Nice jolt to the suzy,Mmm so yummy babe nice jolt to the suzy
Where are you lover ? I need you ...,where be you lover I need you
We tried to contact you re your reply to our offer of a Video Handset? 750 anytime networks mins? UNLIMITED TEXT? Camcorder? Reply or call 08000930705 NOW,we try to contact you re your reply to our offer of a Video Handset anytime network min unlimited TEXT camcorder reply or call now
I‘m parked next to a MINI!!!! When are you coming in today do you think?,park next to a mini when be you come in today do you think
Yup,yup
Anyway i'm going shopping on my own now. Cos my sis not done yet. Dun disturb u liao.,anyway I go shop on my own now cos my sis not do yet Dun disturb u liao
MY NO. IN LUTON 0125698789 RING ME IF UR AROUND! H*,MY no in LUTON ring I if ur around H
Hey I am really horny want to chat or see me naked text hot to 69698 text charged at 150pm to unsubscribe text stop 69698,hey I be really horny want to chat or see I naked text hot to text charge at to unsubscribe text stop
Why you Dint come with us.,why you dint come with we
Same. Wana plan a trip sometme then,same Wana plan a trip sometme then
"Not sure yet, still trying to get a hold of him",not sure yet still try to get a hold of he
Ur ringtone service has changed! 25 Free credits! Go to club4mobiles.com to choose content now! Stop? txt CLUB STOP to 87070. 150p/wk Club4 PO Box1146 MK45 2WT,ur ringtone service have change free credit go to to choose content now stop txt CLUB stop to wk PO
The evo. I just had to download flash. Jealous?,the evo I just have to download flash jealous
Ringtone Club: Get the UK singles chart on your mobile each week and choose any top quality ringtone! This message is free of charge.,Ringtone Club get the UK single chart on your mobile each week and choose any top quality ringtone this message be free of charge
"Come to mu, we're sorting out our narcotics situation",come to mu we sort out our narcotic situation
"Night has ended for another day, morning has come in a special way. May you smile like the sunny rays and leaves your worries at the blue blue bay.",night have end for another day morning have come in a special way may you smile like the sunny ray and leave your worry at the blue blue bay
HMV BONUS SPECIAL 500 pounds of genuine HMV vouchers to be won. Just answer 4 easy questions. Play Now! Send HMV to 86688 More info:www.100percent-real.com,HMV BONUS SPECIAL pound of genuine HMV voucher to be win just answer easy question play now send HMV to More info
"Usf I guess, might as well take 1 car",Usf I guess might as well take car
No objection. My bf not coming.,no objection my bf not come
Thanx...,thanx
Tell rob to mack his gf in the theater,tell rob to mack his gf in the theater
"Awesome, I'll see you in a bit",Awesome I see you in a bit
Just sent it. So what type of food do you like?,just send it so what type of food do you like
All done? All handed in? Celebrations in full swing yet?,all do all hand in celebration in full swing yet
You got called a tool?,you get call a tool
"Wen u miss someone, the person is definitely special for u..... But if the person is so special, why to miss them, just Keep-in-touch gdeve..",Wen u miss someone the person be definitely special for u but if the person be so special why to miss they just keep in touch gdeve
Ok. I asked for money how far,ok I ask for money how far
Okie...,okie
"Yeah I think my usual guy's still passed out from last night, if you get ahold of anybody let me know and I'll throw down",yeah I think my usual guy still pass out from last night if you get ahold of anybody let I know and I throw down
"K, I might come by tonight then if my class lets out early",K I might come by tonight then if my class let out early
Ok..,ok
hi baby im cruisin with my girl friend what r u up 2? give me a call in and hour at home if thats alright or fone me on this fone now love jenny xxx,hi baby I m cruisin with my girl friend what r u up give I a call in and hour at home if that s alright or fone I on this fone now love jenny xxx
"My life Means a lot to me, Not because I love my life, But because I love the people in my life, The world calls them friends, I call them my World:-).. Ge:-)..",my life mean a lot to I not because I love my life but because I love the people in my life the world call they friend I call they my
"Dear,shall mail tonite.busy in the street,shall update you tonite.things are looking ok.varunnathu edukkukayee raksha ollu.but a good one in real sense.",dear shall mail in the street shall update you be look edukkukayee raksha a good one in real sense
Hey you told your name to gautham ah?,hey you tell your name to gautham ah
Haf u found him? I feel so stupid da v cam was working.,Haf u find he I feel so stupid da v cam be work
Oops. 4 got that bit.,oops get that bit
Are you this much buzy,be you this much buzy
I accidentally deleted the message. Resend please.,I accidentally delete the message resend please
T-Mobile customer you may now claim your FREE CAMERA PHONE upgrade & a pay & go sim card for your loyalty. Call on 0845 021 3680.Offer ends 28thFeb.T&C's apply,T Mobile customer you may now claim your free CAMERA phone upgrade a pay go sim card for your loyalty call on end apply
Unless it's a situation where YOU GO GURL would be more appropriate,unless it a situation where you GO GURL would be more appropriate
Hurt me... Tease me... Make me cry... But in the end of my life when i die plz keep one rose on my grave and say STUPID I MISS U.. HAVE A NICE DAY BSLVYL,hurt I tease I make I cry but in the end of my life when I die plz keep one rise on my grave and say STUPID I miss U have a nice day BSLVYL
I cant pick the phone right now. Pls send a message,I can not pick the phone right now pls send a message
