text,tokens,porter,snowball
"Go until jurong point, crazy.. Available only in bugis n great world la e buffet... Cine there got amore wat...",go jurong point crazy available bugis n great world la e buffet cine got amore wat,go jurong point crazi avail bugi n great world la e buffet cine got amor wat,go jurong point crazi avail bugi n great world la e buffet cine got amor wat
Ok lar... Joking wif u oni...,ok lar joking wif u oni,ok lar joke wif u oni,ok lar joke wif u oni
Free entry in 2 a wkly comp to win FA Cup final tkts 21st May 2005. Text FA to 87121 to receive entry question(std txt rate)T&C's apply 08452810075over18's,free entry wkly comp win fa cup final tkts st may text fa receive entry question std txt rate c apply,free entri wkli comp win fa cup final tkt st may text fa receiv entri question std txt rate c appli,free entri wkli comp win fa cup final tkts st may text fa receiv entri question std txt rate c appli
U dun say so early hor... U c already then say...,u dun say early hor u c already say,u dun say earli hor u c alreadi say,u dun say earli hor u c alreadi say
"Nah I don't think he goes to usf, he lives around here though",nah think goes usf lives around though,nah think goe usf live around though,nah think goe usf live around though
"FreeMsg Hey there darling it's been 3 week's now and no word back! I'd like some fun you up for it still? Tb ok! XxX std chgs to send, £1.50 to rcv",freemsg hey darling week word back like fun still tb ok xxx std chgs send rcv,freemsg hey darl week word back like fun still tb ok xxx std chg send rcv,freemsg hey darl week word back like fun still tb ok xxx std chgs send rcv
Even my brother is not like to speak with me. They treat me like aids patent.,even brother like speak treat like aids patent,even brother like speak treat like aid patent,even brother like speak treat like aid patent
As per your request 'Melle Melle (Oru Minnaminunginte Nurungu Vettam)' has been set as your callertune for all Callers. Press *9 to copy your friends Callertune,per request melle melle oru minnaminunginte nurungu vettam set callertune callers press copy friends callertune,per request mell mell oru minnaminungint nurungu vettam set callertun caller press copi friend callertun,per request mell mell oru minnaminungint nurungu vettam set callertun caller press copi friend callertun
WINNER!! As a valued network customer you have been selected to receivea £900 prize reward! To claim call 09061701461. Claim code KL341. Valid 12 hours only.,winner valued network customer selected receivea prize reward claim call claim code kl valid hours,winner valu network custom select receivea prize reward claim call claim code kl valid hour,winner valu network custom select receivea prize reward claim call claim code kl valid hour
Had your mobile 11 months or more? U R entitled to Update to the latest colour mobiles with camera for Free! Call The Mobile Update Co FREE on 08002986030,mobile months u r entitled update latest colour mobiles camera free call mobile update co free,mobil month u r entitl updat latest colour mobil camera free call mobil updat co free,mobil month u r entitl updat latest colour mobil camera free call mobil updat co free
"I'm gonna be home soon and i don't want to talk about this stuff anymore tonight, k? I've cried enough today.",gon na home soon want talk stuff anymore tonight k cried enough today,gon na home soon want talk stuff anymor tonight k cri enough today,gon na home soon want talk stuff anymor tonight k cri enough today
"SIX chances to win CASH! From 100 to 20,000 pounds txt> CSH11 and send to 87575. Cost 150p/day, 6days, 16+ TsandCs apply Reply HL 4 info",six chances win cash pounds txt csh send cost p day days tsandcs apply reply hl info,six chanc win cash pound txt csh send cost p day day tsandc appli repli hl info,six chanc win cash pound txt csh send cost p day day tsandc appli repli hl info
"URGENT! You have won a 1 week FREE membership in our £100,000 Prize Jackpot! Txt the word: CLAIM to No: 81010 T&C www.dbuk.net LCCLTD POBOX 4403LDNW1A7RW18",urgent week free membership prize jackpot txt word claim c lccltd pobox ldnw rw,urgent week free membership prize jackpot txt word claim c lccltd pobox ldnw rw,urgent week free membership prize jackpot txt word claim c lccltd pobox ldnw rw
I've been searching for the right words to thank you for this breather. I promise i wont take your help for granted and will fulfil my promise. You have been wonderful and a blessing at all times.,searching right words thank breather promise wont take help granted fulfil promise wonderful blessing times,search right word thank breather promis wont take help grant fulfil promis wonder bless time,search right word thank breather promis wont take help grant fulfil promis wonder bless time
I HAVE A DATE ON SUNDAY WITH WILL!!,date sunday,date sunday,date sunday
"XXXMobileMovieClub: To use your credit, click the WAP link in the next txt message or click here>> http://wap. xxxmobilemovieclub.com?n=QJKGIGHJJGCBL",xxxmobilemovieclub use credit click wap link next txt message click xxxmobilemovieclub com n qjkgighjjgcbl,xxxmobilemovieclub use credit click wap link next txt messag click xxxmobilemovieclub com n qjkgighjjgcbl,xxxmobilemovieclub use credit click wap link next txt messag click xxxmobilemovieclub com n qjkgighjjgcbl
Oh k...i'm watching here:),oh k watching,oh k watch,oh k watch
Eh u remember how 2 spell his name... Yes i did. He v naughty make until i v wet.,eh u remember spell name yes v naughty make v wet,eh u rememb spell name ye v naughti make v wet,eh u rememb spell name yes v naughti make v wet
Fine if thats the way u feel. Thats the way its gota b,fine way u feel way gota b,fine way u feel way gota b,fine way u feel way gota b
"England v Macedonia - dont miss the goals/team news. Txt ur national team to 87077 eg ENGLAND to 87077 Try:WALES, SCOTLAND 4txt/ú1.20 POBOXox36504W45WQ 16+",england v macedonia dont miss goals team news txt ur national team eg england try wales scotland txt poboxox w wq,england v macedonia dont miss goal team news txt ur nation team eg england tri wale scotland txt poboxox w wq,england v macedonia dont miss goal team news txt ur nation team eg england tri wale scotland txt poboxox w wq
Is that seriously how you spell his name?,seriously spell name,serious spell name,serious spell name
I‘m going to try for 2 months ha ha only joking,going try months ha ha joking,go tri month ha ha joke,go tri month ha ha joke
So ü pay first lar... Then when is da stock comin...,pay first lar da stock comin,pay first lar da stock comin,pay first lar da stock comin
Aft i finish my lunch then i go str down lor. Ard 3 smth lor. U finish ur lunch already?,aft finish lunch go str lor ard smth lor u finish ur lunch already,aft finish lunch go str lor ard smth lor u finish ur lunch alreadi,aft finish lunch go str lor ard smth lor u finish ur lunch alreadi
Ffffffffff. Alright no way I can meet up with you sooner?,ffffffffff alright way meet sooner,ffffffffff alright way meet sooner,ffffffffff alright way meet sooner
Just forced myself to eat a slice. I'm really not hungry tho. This sucks. Mark is getting worried. He knows I'm sick when I turn down pizza. Lol,forced eat slice really hungry tho sucks mark getting worried knows sick turn pizza lol,forc eat slice realli hungri tho suck mark get worri know sick turn pizza lol,forc eat slice realli hungri tho suck mark get worri know sick turn pizza lol
Lol your always so convincing.,lol always convincing,lol alway convinc,lol alway convinc
Did you catch the bus ? Are you frying an egg ? Did you make a tea? Are you eating your mom's left over dinner ? Do you feel my Love ?,catch bus frying egg make tea eating mom left dinner feel love,catch bu fri egg make tea eat mom left dinner feel love,catch bus fri egg make tea eat mom left dinner feel love
"I'm back &amp; we're packing the car now, I'll let you know if there's room",back amp packing car let know room,back amp pack car let know room,back amp pack car let know room
Ahhh. Work. I vaguely remember that! What does it feel like? Lol,ahhh work vaguely remember feel like lol,ahhh work vagu rememb feel like lol,ahhh work vagu rememb feel like lol
"Wait that's still not all that clear, were you not sure about me being sarcastic or that that's why x doesn't want to live with us",wait still clear sure sarcastic x want live us,wait still clear sure sarcast x want live us,wait still clear sure sarcast x want live us
Yeah he got in at 2 and was v apologetic. n had fallen out and she was actin like spoilt child and he got caught up in that. Till 2! But we won't go there! Not doing too badly cheers. You? ,yeah got v apologetic n fallen actin like spoilt child got caught till go badly cheers,yeah got v apologet n fallen actin like spoilt child got caught till go badli cheer,yeah got v apologet n fallen actin like spoilt child got caught till go bad cheer
K tell me anything about you.,k tell anything,k tell anyth,k tell anyth
For fear of fainting with the of all that housework you just did? Quick have a cuppa,fear fainting housework quick cuppa,fear faint housework quick cuppa,fear faint housework quick cuppa
Thanks for your subscription to Ringtone UK your mobile will be charged £5/month Please confirm by replying YES or NO. If you reply NO you will not be charged,thanks subscription ringtone uk mobile charged month please confirm replying yes reply charged,thank subscript rington uk mobil charg month pleas confirm repli ye repli charg,thank subscript rington uk mobil charg month pleas confirm repli yes repli charg
Yup... Ok i go home look at the timings then i msg ü again... Xuhui going to learn on 2nd may too but her lesson is at 8am,yup ok go home look timings msg xuhui going learn nd may lesson,yup ok go home look time msg xuhui go learn nd may lesson,yup ok go home look time msg xuhui go learn nd may lesson
"Oops, I'll let you know when my roommate's done",oops let know roommate done,oop let know roommat done,oop let know roommat done
I see the letter B on my car,see letter b car,see letter b car,see letter b car
Anything lor... U decide...,anything lor u decide,anyth lor u decid,anyth lor u decid
Hello! How's you and how did saturday go? I was just texting to see if you'd decided to do anything tomo. Not that i'm trying to invite myself or anything!,hello saturday go texting see decided anything tomo trying invite anything,hello saturday go text see decid anyth tomo tri invit anyth,hello saturday go text see decid anyth tomo tri invit anyth
Pls go ahead with watts. I just wanted to be sure. Do have a great weekend. Abiola,pls go ahead watts wanted sure great weekend abiola,pl go ahead watt want sure great weekend abiola,pls go ahead watt want sure great weekend abiola
"Did I forget to tell you ? I want you , I need you, I crave you ... But most of all ... I love you my sweet Arabian steed ... Mmmmmm ... Yummy",forget tell want need crave love sweet arabian steed mmmmmm yummy,forget tell want need crave love sweet arabian steed mmmmmm yummi,forget tell want need crave love sweet arabian steed mmmmmm yummi
07732584351 - Rodger Burns - MSG = We tried to call you re your reply to our sms for a free nokia mobile + free camcorder. Please call now 08000930705 for delivery tomorrow,rodger burns msg tried call reply sms free nokia mobile free camcorder please call delivery tomorrow,rodger burn msg tri call repli sm free nokia mobil free camcord pleas call deliveri tomorrow,rodger burn msg tri call repli sms free nokia mobil free camcord pleas call deliveri tomorrow
WHO ARE YOU SEEING?,seeing,see,see
Great! I hope you like your man well endowed. I am  &lt;#&gt;  inches...,great hope like man well endowed lt gt inches,great hope like man well endow lt gt inch,great hope like man well endow lt gt inch
No calls..messages..missed calls,calls messages missed calls,call messag miss call,call messag miss call
Didn't you get hep b immunisation in nigeria.,get hep b immunisation nigeria,get hep b immunis nigeria,get hep b immunis nigeria
"Fair enough, anything going on?",fair enough anything going,fair enough anyth go,fair enough anyth go
"Yeah hopefully, if tyler can't do it I could maybe ask around a bit",yeah hopefully tyler could maybe ask around bit,yeah hope tyler could mayb ask around bit,yeah hope tyler could mayb ask around bit
U don't know how stubborn I am. I didn't even want to go to the hospital. I kept telling Mark I'm not a weak sucker. Hospitals are for weak suckers.,u know stubborn even want go hospital kept telling mark weak sucker hospitals weak suckers,u know stubborn even want go hospit kept tell mark weak sucker hospit weak sucker,u know stubborn even want go hospit kept tell mark weak sucker hospit weak sucker
What you thinked about me. First time you saw me in class.,thinked first time saw class,think first time saw class,think first time saw class
"A gram usually runs like  &lt;#&gt; , a half eighth is smarter though and gets you almost a whole second gram for  &lt;#&gt;",gram usually runs like lt gt half eighth smarter though gets almost whole second gram lt gt,gram usual run like lt gt half eighth smarter though get almost whole second gram lt gt,gram usual run like lt gt half eighth smarter though get almost whole second gram lt gt
K fyi x has a ride early tomorrow morning but he's crashing at our place tonight,k fyi x ride early tomorrow morning crashing place tonight,k fyi x ride earli tomorrow morn crash place tonight,k fyi x ride earli tomorrow morn crash place tonight
"Wow. I never realized that you were so embarassed by your accomodations. I thought you liked it, since i was doing the best i could and you always seemed so happy about ""the cave"". I'm sorry I didn't and don't have more to give. I'm sorry i offered. I'm sorry your room was so embarassing.",wow never realized embarassed accomodations thought liked since best could always seemed happy cave sorry give sorry offered sorry room embarassing,wow never realiz embarass accomod thought like sinc best could alway seem happi cave sorri give sorri offer sorri room embarass,wow never realiz embarass accomod thought like sinc best could alway seem happi cave sorri give sorri offer sorri room embarass
SMS. ac Sptv: The New Jersey Devils and the Detroit Red Wings play Ice Hockey. Correct or Incorrect? End? Reply END SPTV,sms ac sptv new jersey devils detroit red wings play ice hockey correct incorrect end reply end sptv,sm ac sptv new jersey devil detroit red wing play ice hockey correct incorrect end repli end sptv,sms ac sptv new jersey devil detroit red wing play ice hockey correct incorrect end repli end sptv
Do you know what Mallika Sherawat did yesterday? Find out now @  &lt;URL&gt;,know mallika sherawat yesterday find lt url gt,know mallika sherawat yesterday find lt url gt,know mallika sherawat yesterday find lt url gt
"Congrats! 1 year special cinema pass for 2 is yours. call 09061209465 now! C Suprman V, Matrix3, StarWars3, etc all 4 FREE! bx420-ip4-5we. 150pm. Dont miss out! ",congrats year special cinema pass call c suprman v matrix starwars etc free bx ip pm dont miss,congrat year special cinema pass call c suprman v matrix starwar etc free bx ip pm dont miss,congrat year special cinema pass call c suprman v matrix starwar etc free bx ip pm dont miss
"Sorry, I'll call later in meeting.",sorry call later meeting,sorri call later meet,sorri call later meet
Tell where you reached,tell reached,tell reach,tell reach
Yes..gauti and sehwag out of odi series.,yes gauti sehwag odi series,ye gauti sehwag odi seri,yes gauti sehwag odi seri
Your gonna have to pick up a $1 burger for yourself on your way home. I can't even move. Pain is killing me.,gon na pick burger way home even move pain killing,gon na pick burger way home even move pain kill,gon na pick burger way home even move pain kill
Ha ha ha good joke. Girls are situation seekers.,ha ha ha good joke girls situation seekers,ha ha ha good joke girl situat seeker,ha ha ha good joke girl situat seeker
Its a part of checking IQ,part checking iq,part check iq,part check iq
"Sorry my roommates took forever, it ok if I come by now?",sorry roommates took forever ok come,sorri roommat took forev ok come,sorri roommat took forev ok come
Ok lar i double check wif da hair dresser already he said wun cut v short. He said will cut until i look nice.,ok lar double check wif da hair dresser already said wun cut v short said cut look nice,ok lar doubl check wif da hair dresser alreadi said wun cut v short said cut look nice,ok lar doubl check wif da hair dresser alreadi said wun cut v short said cut look nice
"As a valued customer, I am pleased to advise you that following recent review of your Mob No. you are awarded with a £1500 Bonus Prize, call 09066364589",valued customer pleased advise following recent review mob awarded bonus prize call,valu custom pleas advis follow recent review mob award bonu prize call,valu custom pleas advis follow recent review mob award bonus prize call
"Today is ""song dedicated day.."" Which song will u dedicate for me? Send this to all ur valuable frnds but first rply me...",today song dedicated day song u dedicate send ur valuable frnds first rply,today song dedic day song u dedic send ur valuabl frnd first rpli,today song dedic day song u dedic send ur valuabl frnds first rpli
"Urgent UR awarded a complimentary trip to EuroDisinc Trav, Aco&Entry41 Or £1000. To claim txt DIS to 87121 18+6*£1.50(moreFrmMob. ShrAcomOrSglSuplt)10, LS1 3AJ",urgent ur awarded complimentary trip eurodisinc trav aco entry claim txt dis morefrmmob shracomorsglsuplt ls aj,urgent ur award complimentari trip eurodisinc trav aco entri claim txt di morefrmmob shracomorsglsuplt ls aj,urgent ur award complimentari trip eurodisinc trav aco entri claim txt dis morefrmmob shracomorsglsuplt ls aj
"Did you hear about the new ""Divorce Barbie""? It comes with all of Ken's stuff!",hear new divorce barbie comes ken stuff,hear new divorc barbi come ken stuff,hear new divorc barbi come ken stuff
I plane to give on this month end.,plane give month end,plane give month end,plane give month end
Wah lucky man... Then can save money... Hee...,wah lucky man save money hee,wah lucki man save money hee,wah lucki man save money hee
Finished class where are you.,finished class,finish class,finish class
HI BABE IM AT HOME NOW WANNA DO SOMETHING? XX,hi babe im home wan na something xx,hi babe im home wan na someth xx,hi babe im home wan na someth xx
K..k:)where are you?how did you performed?,k k performed,k k perform,k k perform
U can call me now...,u call,u call,u call
I am waiting machan. Call me once you free.,waiting machan call free,wait machan call free,wait machan call free
Thats cool. i am a gentleman and will treat you with dignity and respect.,thats cool gentleman treat dignity respect,that cool gentleman treat digniti respect,that cool gentleman treat digniti respect
I like you peoples very much:) but am very shy pa.,like peoples much shy pa,like peopl much shi pa,like peopl much shi pa
Does not operate after  &lt;#&gt;  or what,operate lt gt,oper lt gt,oper lt gt
Its not the same here. Still looking for a job. How much do Ta's earn there.,still looking job much ta earn,still look job much ta earn,still look job much ta earn
"Sorry, I'll call later",sorry call later,sorri call later,sorri call later
K. Did you call me just now ah? ,k call ah,k call ah,k call ah
Ok i am on the way to home hi hi,ok way home hi hi,ok way home hi hi,ok way home hi hi
You will be in the place of that man,place man,place man,place man
Yup next stop.,yup next stop,yup next stop,yup next stop
"I call you later, don't have network. If urgnt, sms me.",call later network urgnt sms,call later network urgnt sm,call later network urgnt sms
For real when u getting on yo? I only need 2 more tickets and one more jacket and I'm done. I already used all my multis.,real u getting yo need tickets one jacket done already used multis,real u get yo need ticket one jacket done alreadi use multi,real u get yo need ticket one jacket done alreadi use multi
Yes I started to send requests to make it but pain came back so I'm back in bed. Double coins at the factory too. I gotta cash in all my nitros.,yes started send requests make pain came back back bed double coins factory got ta cash nitros,ye start send request make pain came back back bed doubl coin factori got ta cash nitro,yes start send request make pain came back back bed doubl coin factori got ta cash nitro
I'm really not up to it still tonight babe,really still tonight babe,realli still tonight babe,realli still tonight babe
"Ela kano.,il download, come wen ur free..",ela kano il download come wen ur free,ela kano il download come wen ur free,ela kano il download come wen ur free
Yeah do! Don‘t stand to close tho- you‘ll catch something!,yeah stand close tho catch something,yeah stand close tho catch someth,yeah stand close tho catch someth
Sorry to be a pain. Is it ok if we meet another night? I spent late afternoon in casualty and that means i haven't done any of y stuff42moro and that includes all my time sheets and that. Sorry. ,sorry pain ok meet another night spent late afternoon casualty means done stuff moro includes time sheets sorry,sorri pain ok meet anoth night spent late afternoon casualti mean done stuff moro includ time sheet sorri,sorri pain ok meet anoth night spent late afternoon casualti mean done stuff moro includ time sheet sorri
Smile in Pleasure Smile in Pain Smile when trouble pours like Rain Smile when sum1 Hurts U Smile becoz SOMEONE still Loves to see u Smiling!!,smile pleasure smile pain smile trouble pours like rain smile sum hurts u smile becoz someone still loves see u smiling,smile pleasur smile pain smile troubl pour like rain smile sum hurt u smile becoz someon still love see u smile,smile pleasur smile pain smile troubl pour like rain smile sum hurt u smile becoz someon still love see u smile
Please call our customer service representative on 0800 169 6031 between 10am-9pm as you have WON a guaranteed £1000 cash or £5000 prize!,please call customer service representative pm guaranteed cash prize,pleas call custom servic repres pm guarante cash prize,pleas call custom servic repres pm guarante cash prize
Havent planning to buy later. I check already lido only got 530 show in e afternoon. U finish work already?,havent planning buy later check already lido got show e afternoon u finish work already,havent plan buy later check alreadi lido got show e afternoon u finish work alreadi,havent plan buy later check alreadi lido got show e afternoon u finish work alreadi
"Your free ringtone is waiting to be collected. Simply text the password ""MIX"" to 85069 to verify. Get Usher and Britney. FML, PO Box 5249, MK17 92H. 450Ppw 16",free ringtone waiting collected simply text password mix verify get usher britney fml po box mk h ppw,free rington wait collect simpli text password mix verifi get usher britney fml po box mk h ppw,free rington wait collect simpli text password mix verifi get usher britney fml po box mk h ppw
Watching telugu movie..wat abt u?,watching telugu movie wat abt u,watch telugu movi wat abt u,watch telugu movi wat abt u
i see. When we finish we have loads of loans to pay,see finish loads loans pay,see finish load loan pay,see finish load loan pay
"Hi. Wk been ok - on hols now! Yes on for a bit of a run. Forgot that i have hairdressers appointment at four so need to get home n shower beforehand. Does that cause prob for u?""",hi wk ok hols yes bit run forgot hairdressers appointment four need get home n shower beforehand cause prob u,hi wk ok hol ye bit run forgot hairdress appoint four need get home n shower beforehand caus prob u,hi wk ok hol yes bit run forgot hairdress appoint four need get home n shower beforehand caus prob u
I see a cup of coffee animation,see cup coffee animation,see cup coffe anim,see cup coffe anim
Please don't text me anymore. I have nothing else to say.,please text anymore nothing else say,pleas text anymor noth els say,pleas text anymor noth els say
Okay name ur price as long as its legal! Wen can I pick them up? Y u ave x ams xx,okay name ur price long legal wen pick u ave x ams xx,okay name ur price long legal wen pick u ave x am xx,okay name ur price long legal wen pick u ave x am xx
I'm still looking for a car to buy. And have not gone 4the driving test yet.,still looking car buy gone driving test yet,still look car buy gone drive test yet,still look car buy gone drive test yet
As per your request 'Melle Melle (Oru Minnaminunginte Nurungu Vettam)' has been set as your callertune for all Callers. Press *9 to copy your friends Callertune,per request melle melle oru minnaminunginte nurungu vettam set callertune callers press copy friends callertune,per request mell mell oru minnaminungint nurungu vettam set callertun caller press copi friend callertun,per request mell mell oru minnaminungint nurungu vettam set callertun caller press copi friend callertun
"wow. You're right! I didn't mean to do that. I guess once i gave up on boston men and changed my search location to nyc, something changed. Cuz on my signin page it still says boston.",wow right mean guess gave boston men changed search location nyc something changed cuz signin page still says boston,wow right mean guess gave boston men chang search locat nyc someth chang cuz signin page still say boston,wow right mean guess gave boston men chang search locat nyc someth chang cuz signin page still say boston
Umma my life and vava umma love you lot dear,umma life vava umma love lot dear,umma life vava umma love lot dear,umma life vava umma love lot dear
Thanks a lot for your wishes on my birthday. Thanks you for making my birthday truly memorable.,thanks lot wishes birthday thanks making birthday truly memorable,thank lot wish birthday thank make birthday truli memor,thank lot wish birthday thank make birthday truli memor
"Aight, I'll hit you up when I get some cash",aight hit get cash,aight hit get cash,aight hit get cash
How would my ip address test that considering my computer isn't a minecraft server,would ip address test considering computer minecraft server,would ip address test consid comput minecraft server,would ip address test consid comput minecraft server
I know! Grumpy old people. My mom was like you better not be lying. Then again I am always the one to play jokes...,know grumpy old people mom like better lying always one play jokes,know grumpi old peopl mom like better lie alway one play joke,know grumpi old peopl mom like better lie alway one play joke
Dont worry. I guess he's busy.,dont worry guess busy,dont worri guess busi,dont worri guess busi
What is the plural of the noun research?,plural noun research,plural noun research,plural noun research
Going for dinner.msg you after.,going dinner msg,go dinner msg,go dinner msg
I'm ok wif it cos i like 2 try new things. But i scared u dun like mah. Cos u said not too loud.,ok wif cos like try new things scared u dun like mah cos u said loud,ok wif co like tri new thing scare u dun like mah co u said loud,ok wif cos like tri new thing scare u dun like mah cos u said loud
GENT! We are trying to contact you. Last weekends draw shows that you won a £1000 prize GUARANTEED. Call 09064012160. Claim Code K52. Valid 12hrs only. 150ppm,gent trying contact last weekends draw shows prize guaranteed call claim code k valid hrs ppm,gent tri contact last weekend draw show prize guarante call claim code k valid hr ppm,gent tri contact last weekend draw show prize guarante call claim code k valid hrs ppm
"Wa, ur openin sentence very formal... Anyway, i'm fine too, juz tt i'm eatin too much n puttin on weight...Haha... So anythin special happened?",wa ur openin sentence formal anyway fine juz tt eatin much n puttin weight haha anythin special happened,wa ur openin sentenc formal anyway fine juz tt eatin much n puttin weight haha anythin special happen,wa ur openin sentenc formal anyway fine juz tt eatin much n puttin weight haha anythin special happen
"As I entered my cabin my PA said, '' Happy B'day Boss !!''. I felt special. She askd me 4 lunch. After lunch she invited me to her apartment. We went there.",entered cabin pa said happy b day boss felt special askd lunch lunch invited apartment went,enter cabin pa said happi b day boss felt special askd lunch lunch invit apart went,enter cabin pa said happi b day boss felt special askd lunch lunch invit apart went
You are a winner U have been specially selected 2 receive £1000 or a 4* holiday (flights inc) speak to a live operator 2 claim 0871277810910p/min (18+) ,winner u specially selected receive holiday flights inc speak live operator claim p min,winner u special select receiv holiday flight inc speak live oper claim p min,winner u special select receiv holiday flight inc speak live oper claim p min
Goodo! Yes we must speak friday - egg-potato ratio for tortilla needed! ,goodo yes must speak friday egg potato ratio tortilla needed,goodo ye must speak friday egg potato ratio tortilla need,goodo yes must speak friday egg potato ratio tortilla need
Hmm...my uncle just informed me that he's paying the school directly. So pls buy food.,hmm uncle informed paying school directly pls buy food,hmm uncl inform pay school directli pl buy food,hmm uncl inform pay school direct pls buy food
PRIVATE! Your 2004 Account Statement for 07742676969 shows 786 unredeemed Bonus Points. To claim call 08719180248 Identifier Code: 45239 Expires,private account statement shows unredeemed bonus points claim call identifier code expires,privat account statement show unredeem bonu point claim call identifi code expir,privat account statement show unredeem bonus point claim call identifi code expir
"URGENT! Your Mobile No. was awarded £2000 Bonus Caller Prize on 5/9/03 This is our final try to contact U! Call from Landline 09064019788 BOX42WR29C, 150PPM",urgent mobile awarded bonus caller prize final try contact u call landline box wr c ppm,urgent mobil award bonu caller prize final tri contact u call landlin box wr c ppm,urgent mobil award bonus caller prize final tri contact u call landlin box wr c ppm
here is my new address -apples&pairs&all that malarky,new address apples pairs malarky,new address appl pair malarki,new address appl pair malarki
Todays Voda numbers ending 7548 are selected to receive a $350 award. If you have a match please call 08712300220 quoting claim code 4041 standard rates app,todays voda numbers ending selected receive award match please call quoting claim code standard rates app,today voda number end select receiv award match pleas call quot claim code standard rate app,today voda number end select receiv award match pleas call quot claim code standard rate app
I am going to sao mu today. Will be done only at 12 ,going sao mu today done,go sao mu today done,go sao mu today done
Ü predict wat time ü'll finish buying?,predict wat time finish buying,predict wat time finish buy,predict wat time finish buy
"Good stuff, will do.",good stuff,good stuff,good stuff
"Just so that you know,yetunde hasn't sent money yet. I just sent her a text not to bother sending. So its over, you dont have to involve yourself in anything. I shouldn't have imposed anything on you in the first place so for that, i apologise.",know yetunde sent money yet sent text bother sending dont involve anything imposed anything first place apologise,know yetund sent money yet sent text bother send dont involv anyth impos anyth first place apologis,know yetund sent money yet sent text bother send dont involv anyth impos anyth first place apologis
Are you there in room.,room,room,room
HEY GIRL. HOW R U? HOPE U R WELL ME AN DEL R BAK! AGAIN LONG TIME NO C! GIVE ME A CALL SUM TIME FROM LUCYxx,hey girl r u hope u r well del r bak long time c give call sum time lucyxx,hey girl r u hope u r well del r bak long time c give call sum time lucyxx,hey girl r u hope u r well del r bak long time c give call sum time lucyxx
K..k:)how much does it cost?,k k much cost,k k much cost,k k much cost
I'm home.,home,home,home
"Dear, will call Tmorrow.pls accomodate.",dear call tmorrow pls accomodate,dear call tmorrow pl accomod,dear call tmorrow pls accomod
First answer my question.,first answer question,first answer question,first answer question
Sunshine Quiz Wkly Q! Win a top Sony DVD player if u know which country the Algarve is in? Txt ansr to 82277. £1.50 SP:Tyrone,sunshine quiz wkly q win top sony dvd player u know country algarve txt ansr sp tyrone,sunshin quiz wkli q win top soni dvd player u know countri algarv txt ansr sp tyron,sunshin quiz wkli q win top soni dvd player u know countri algarv txt ansr sp tyron
Want 2 get laid tonight? Want real Dogging locations sent direct 2 ur mob? Join the UK's largest Dogging Network bt Txting GRAVEL to 69888! Nt. ec2a. 31p.msg@150p,want get laid tonight want real dogging locations sent direct ur mob join uk largest dogging network bt txting gravel nt ec,want get laid tonight want real dog locat sent direct ur mob join uk largest dog network bt txting gravel nt ec,want get laid tonight want real dog locat sent direct ur mob join uk largest dog network bt txting gravel nt ec
I only haf msn. It's yijue@hotmail.com,haf msn,haf msn,haf msn
He is there. You call and meet him,call meet,call meet,call meet
No no. I will check all rooms befor activities,check rooms befor activities,check room befor activ,check room befor activ
You'll not rcv any more msgs from the chat svc. For FREE Hardcore services text GO to: 69988 If u get nothing u must Age Verify with yr network & try again,rcv msgs chat svc free hardcore services text go u get nothing u must age verify yr network try,rcv msg chat svc free hardcor servic text go u get noth u must age verifi yr network tri,rcv msgs chat svc free hardcor servic text go u get noth u must age verifi yr network tri
Got c... I lazy to type... I forgot ü in lect... I saw a pouch but like not v nice...,got c lazy type forgot lect saw pouch like v nice,got c lazi type forgot lect saw pouch like v nice,got c lazi type forgot lect saw pouch like v nice
"K, text me when you're on the way",k text way,k text way,k text way
"Sir, Waiting for your mail.",sir waiting mail,sir wait mail,sir wait mail
"A swt thought: ""Nver get tired of doing little things 4 lovable persons.."" Coz..somtimes those little things occupy d biggest part in their Hearts.. Gud ni8",swt thought nver get tired little things lovable persons coz somtimes little things occupy biggest part hearts gud ni,swt thought nver get tire littl thing lovabl person coz somtim littl thing occupi biggest part heart gud ni,swt thought nver get tire littl thing lovabl person coz somtim littl thing occupi biggest part heart gud ni
I know you are. Can you pls open the back?,know pls open back,know pl open back,know pls open back
Yes see ya not on the dot,yes see ya dot,ye see ya dot,yes see ya dot
Whats the staff name who is taking class for us?,whats staff name taking class us,what staff name take class us,what staff name take class us
"FreeMsg Why haven't you replied to my text? I'm Randy, sexy, female and live local. Luv to hear from u. Netcollex Ltd 08700621170150p per msg reply Stop to end",freemsg replied text randy sexy female live local luv hear u netcollex ltd p per msg reply stop end,freemsg repli text randi sexi femal live local luv hear u netcollex ltd p per msg repli stop end,freemsg repli text randi sexi femal live local luv hear u netcollex ltd p per msg repli stop end
Ummma.will call after check in.our life will begin from qatar so pls pray very hard.,ummma call check life begin qatar pls pray hard,ummma call check life begin qatar pl pray hard,ummma call check life begin qatar pls pray hard
K..i deleted my contact that why?,k deleted contact,k delet contact,k delet contact
Sindu got job in birla soft ..,sindu got job birla soft,sindu got job birla soft,sindu got job birla soft
The wine is flowing and i'm i have nevering..,wine flowing nevering,wine flow never,wine flow never
Yup i thk cine is better cos no need 2 go down 2 plaza mah.,yup thk cine better cos need go plaza mah,yup thk cine better co need go plaza mah,yup thk cine better cos need go plaza mah
Ok... Ur typical reply...,ok ur typical reply,ok ur typic repli,ok ur typic repli
As per your request 'Melle Melle (Oru Minnaminunginte Nurungu Vettam)' has been set as your callertune for all Callers. Press *9 to copy your friends Callertune,per request melle melle oru minnaminunginte nurungu vettam set callertune callers press copy friends callertune,per request mell mell oru minnaminungint nurungu vettam set callertun caller press copi friend callertun,per request mell mell oru minnaminungint nurungu vettam set callertun caller press copi friend callertun
"You are everywhere dirt, on the floor, the windows, even on my shirt. And sometimes when i open my mouth, you are all that comes flowing out. I dream of my world without you, then half my chores are out too. A time of joy for me, lots of tv shows i.ll see. But i guess like all things you just must exist, like rain, hail and mist, and when my time here is done, you and i become one.",everywhere dirt floor windows even shirt sometimes open mouth comes flowing dream world without half chores time joy lots tv shows see guess like things must exist like rain hail mist time done become one,everywher dirt floor window even shirt sometim open mouth come flow dream world without half chore time joy lot tv show see guess like thing must exist like rain hail mist time done becom one,everywher dirt floor window even shirt sometim open mouth come flow dream world without half chore time joy lot tv show see guess like thing must exist like rain hail mist time done becom one
Aaooooright are you at work?,aaooooright work,aaooooright work,aaooooright work
I'm leaving my house now...,leaving house,leav hous,leav hous
"Hello, my love. What are you doing? Did you get to that interview today? Are you you happy? Are you being a good boy? Do you think of me?Are you missing me ?",hello love get interview today happy good boy think missing,hello love get interview today happi good boy think miss,hello love get interview today happi good boy think miss
Customer service annoncement. You have a New Years delivery waiting for you. Please call 07046744435 now to arrange delivery,customer service annoncement new years delivery waiting please call arrange delivery,custom servic annonc new year deliveri wait pleas call arrang deliveri,custom servic annonc new year deliveri wait pleas call arrang deliveri
You are a winner U have been specially selected 2 receive £1000 cash or a 4* holiday (flights inc) speak to a live operator 2 claim 0871277810810,winner u specially selected receive cash holiday flights inc speak live operator claim,winner u special select receiv cash holiday flight inc speak live oper claim,winner u special select receiv cash holiday flight inc speak live oper claim
Keep yourself safe for me because I need you and I miss you already and I envy everyone that see's you in real life,keep safe need miss already envy everyone see real life,keep safe need miss alreadi envi everyon see real life,keep safe need miss alreadi envi everyon see real life
New car and house for my parents.:)i have only new job in hand:),new car house parents new job hand,new car hous parent new job hand,new car hous parent new job hand
I'm so in love with you. I'm excited each day i spend with you. You make me so happy.,love excited day spend make happy,love excit day spend make happi,love excit day spend make happi
-PLS STOP bootydelious (32/F) is inviting you to be her friend. Reply YES-434 or NO-434 See her: www.SMS.ac/u/bootydelious STOP? Send STOP FRND to 62468,pls stop bootydelious f inviting friend reply yes see stop send stop frnd,pl stop bootydeli f invit friend repli ye see stop send stop frnd,pls stop bootydeli f invit friend repli yes see stop send stop frnd
"BangBabes Ur order is on the way. U SHOULD receive a Service Msg 2 download UR content. If U do not, GoTo wap. bangb. tv on UR mobile internet/service menu",bangbabes ur order way u receive service msg download ur content u goto wap bangb tv ur mobile internet service menu,bangbab ur order way u receiv servic msg download ur content u goto wap bangb tv ur mobil internet servic menu,bangbab ur order way u receiv servic msg download ur content u goto wap bangb tv ur mobil internet servic menu
I place all ur points on e cultures module already.,place ur points e cultures module already,place ur point e cultur modul alreadi,place ur point e cultur modul alreadi
URGENT! We are trying to contact you. Last weekends draw shows that you have won a £900 prize GUARANTEED. Call 09061701939. Claim code S89. Valid 12hrs only,urgent trying contact last weekends draw shows prize guaranteed call claim code valid hrs,urgent tri contact last weekend draw show prize guarante call claim code valid hr,urgent tri contact last weekend draw show prize guarante call claim code valid hrs
"Hi frnd, which is best way to avoid missunderstding wit our beloved one's?",hi frnd best way avoid missunderstding wit beloved one,hi frnd best way avoid missunderstd wit belov one,hi frnd best way avoid missunderstd wit belov one
Great escape. I fancy the bridge but needs her lager. See you tomo ,great escape fancy bridge needs lager see tomo,great escap fanci bridg need lager see tomo,great escap fanci bridg need lager see tomo
Yes :)it completely in out of form:)clark also utter waste.,yes completely form clark also utter waste,ye complet form clark also utter wast,yes complet form clark also utter wast
"Sir, I need AXIS BANK account no and bank address.",sir need axis bank account bank address,sir need axi bank account bank address,sir need axi bank account bank address
"Hmmm.. Thk sure got time to hop ard... Ya, can go 4 free abt... Muz call u to discuss liao... ",hmmm thk sure got time hop ard ya go free abt muz call u discuss liao,hmmm thk sure got time hop ard ya go free abt muz call u discuss liao,hmmm thk sure got time hop ard ya go free abt muz call u discuss liao
What time you coming down later? ,time coming later,time come later,time come later
"Bloody hell, cant believe you forgot my surname Mr . Ill give u a clue, its spanish and begins with m... ",bloody hell cant believe forgot surname mr ill give u clue spanish begins,bloodi hell cant believ forgot surnam mr ill give u clue spanish begin,bloodi hell cant believ forgot surnam mr ill give u clue spanish begin
"Well, i'm gonna finish my bath now. Have a good...fine night.",well gon na finish bath good fine night,well gon na finish bath good fine night,well gon na finish bath good fine night
Let me know when you've got the money so carlos can make the call,let know got money carlos make call,let know got money carlo make call,let know got money carlo make call
U still going to the mall?,u still going mall,u still go mall,u still go mall
"Turns out my friends are staying for the whole show and won't be back til ~ &lt;#&gt; , so feel free to go ahead and smoke that $ &lt;#&gt;  worth",turns friends staying whole show back til lt gt feel free go ahead smoke lt gt worth,turn friend stay whole show back til lt gt feel free go ahead smoke lt gt worth,turn friend stay whole show back til lt gt feel free go ahead smoke lt gt worth
Text her. If she doesnt reply let me know so i can have her log in,text doesnt reply let know log,text doesnt repli let know log,text doesnt repli let know log
Hi! You just spoke to MANEESHA V. We'd like to know if you were satisfied with the experience. Reply Toll Free with Yes or No.,hi spoke maneesha v like know satisfied experience reply toll free yes,hi spoke maneesha v like know satisfi experi repli toll free ye,hi spoke maneesha v like know satisfi experi repli toll free yes
You lifted my hopes with the offer of money. I am in need. Especially when the end of the month approaches and it hurts my studying. Anyways have a gr8 weekend,lifted hopes offer money need especially end month approaches hurts studying anyways gr weekend,lift hope offer money need especi end month approach hurt studi anyway gr weekend,lift hope offer money need especi end month approach hurt studi anyway gr weekend
Lol no. U can trust me.,lol u trust,lol u trust,lol u trust
ok. I am a gentleman and will treat you with dignity and respect.,ok gentleman treat dignity respect,ok gentleman treat digniti respect,ok gentleman treat digniti respect
"He will, you guys close?",guys close,guy close,guy close
Going on nothing great.bye,going nothing great bye,go noth great bye,go noth great bye
Hello handsome ! Are you finding that job ? Not being lazy ? Working towards getting back that net for mummy ? Where's my boytoy now ? Does he miss me ?,hello handsome finding job lazy working towards getting back net mummy boytoy miss,hello handsom find job lazi work toward get back net mummi boytoy miss,hello handsom find job lazi work toward get back net mummi boytoy miss
"Haha awesome, be there in a minute",haha awesome minute,haha awesom minut,haha awesom minut
Please call our customer service representative on FREEPHONE 0808 145 4742 between 9am-11pm as you have WON a guaranteed £1000 cash or £5000 prize!,please call customer service representative freephone pm guaranteed cash prize,pleas call custom servic repres freephon pm guarante cash prize,pleas call custom servic repres freephon pm guarante cash prize
Have you got Xmas radio times. If not i will get it now,got xmas radio times get,got xma radio time get,got xmas radio time get
I jus reached home. I go bathe first. But my sis using net tell u when she finishes k...,jus reached home go bathe first sis using net tell u finishes k,ju reach home go bath first si use net tell u finish k,jus reach home go bath first sis use net tell u finish k
Are you unique enough? Find out from 30th August. www.areyouunique.co.uk,unique enough find th august,uniqu enough find th august,uniqu enough find th august
I'm sorry. I've joined the league of people that dont keep in touch. You mean a great deal to me. You have been a friend at all times even at great personal cost. Do have a great week.|,sorry joined league people dont keep touch mean great deal friend times even great personal cost great week,sorri join leagu peopl dont keep touch mean great deal friend time even great person cost great week,sorri join leagu peopl dont keep touch mean great deal friend time even great person cost great week
Hi :)finally i completed the course:),hi finally completed course,hi final complet cours,hi final complet cours
It will stop on itself. I however suggest she stays with someone that will be able to give ors for every stool.,stop however suggest stays someone able give ors every stool,stop howev suggest stay someon abl give or everi stool,stop howev suggest stay someon abl give or everi stool
How are you doing? Hope you've settled in for the new school year. Just wishin you a gr8 day,hope settled new school year wishin gr day,hope settl new school year wishin gr day,hope settl new school year wishin gr day
Gud mrng dear hav a nice day,gud mrng dear hav nice day,gud mrng dear hav nice day,gud mrng dear hav nice day
Did u got that persons story,u got persons story,u got person stori,u got person stori
is your hamster dead? Hey so tmr i meet you at 1pm orchard mrt? ,hamster dead hey tmr meet pm orchard mrt,hamster dead hey tmr meet pm orchard mrt,hamster dead hey tmr meet pm orchard mrt
Hi its Kate how is your evening? I hope i can see you tomorrow for a bit but i have to bloody babyjontet! Txt back if u can. :) xxx,hi kate evening hope see tomorrow bit bloody babyjontet txt back u xxx,hi kate even hope see tomorrow bit bloodi babyjontet txt back u xxx,hi kate even hope see tomorrow bit bloodi babyjontet txt back u xxx
"Found it, ENC  &lt;#&gt; , where you at?",found enc lt gt,found enc lt gt,found enc lt gt
I sent you  &lt;#&gt;  bucks,sent lt gt bucks,sent lt gt buck,sent lt gt buck
Hello darlin ive finished college now so txt me when u finish if u can love Kate xxx,hello darlin ive finished college txt u finish u love kate xxx,hello darlin ive finish colleg txt u finish u love kate xxx,hello darlin ive finish colleg txt u finish u love kate xxx
Your account has been refilled successfully by INR  &lt;DECIMAL&gt; . Your KeralaCircle prepaid account balance is Rs  &lt;DECIMAL&gt; . Your Transaction ID is KR &lt;#&gt; .,account refilled successfully inr lt decimal gt keralacircle prepaid account balance rs lt decimal gt transaction id kr lt gt,account refil success inr lt decim gt keralacircl prepaid account balanc rs lt decim gt transact id kr lt gt,account refil success inr lt decim gt keralacircl prepaid account balanc rs lt decim gt transact id kr lt gt
Goodmorning sleeping ga.,goodmorning sleeping ga,goodmorn sleep ga,goodmorn sleep ga
U call me alter at 11 ok.,u call alter ok,u call alter ok,u call alter ok
Ü say until like dat i dun buy ericsson oso cannot oredi lar...,say like dat dun buy ericsson oso oredi lar,say like dat dun buy ericsson oso oredi lar,say like dat dun buy ericsson oso oredi lar
"As I entered my cabin my PA said, '' Happy B'day Boss !!''. I felt special. She askd me 4 lunch. After lunch she invited me to her apartment. We went there.",entered cabin pa said happy b day boss felt special askd lunch lunch invited apartment went,enter cabin pa said happi b day boss felt special askd lunch lunch invit apart went,enter cabin pa said happi b day boss felt special askd lunch lunch invit apart went
"Aight yo, dats straight dogg",aight yo dats straight dogg,aight yo dat straight dogg,aight yo dat straight dogg
You please give us connection today itself before  &lt;DECIMAL&gt;  or refund the bill,please give us connection today lt decimal gt refund bill,pleas give us connect today lt decim gt refund bill,pleas give us connect today lt decim gt refund bill
Both :) i shoot big loads so get ready!,shoot big loads get ready,shoot big load get readi,shoot big load get readi
"What's up bruv, hope you had a great break. Do have a rewarding semester.",bruv hope great break rewarding semester,bruv hope great break reward semest,bruv hope great break reward semest
Home so we can always chat,home always chat,home alway chat,home alway chat
K:)k:)good:)study well.,k k good study well,k k good studi well,k k good studi well
Yup... How ü noe leh...,yup noe leh,yup noe leh,yup noe leh
Sounds great! Are you home now?,sounds great home,sound great home,sound great home
Finally the match heading towards draw as your prediction.,finally match heading towards draw prediction,final match head toward draw predict,final match head toward draw predict
Tired. I haven't slept well the past few nights.,tired slept well past nights,tire slept well past night,tire slept well past night
Easy ah?sen got selected means its good..,easy ah sen got selected means good,easi ah sen got select mean good,easi ah sen got select mean good
I have to take exam with march 3,take exam march,take exam march,take exam march
Yeah you should. I think you can use your gt atm now to register. Not sure but if there's anyway i can help let me know. But when you do be sure you are ready.,yeah think use gt atm register sure anyway help let know sure ready,yeah think use gt atm regist sure anyway help let know sure readi,yeah think use gt atm regist sure anyway help let know sure readi
Ok no prob. Take ur time.,ok prob take ur time,ok prob take ur time,ok prob take ur time
There is os called ubandu which will run without installing in hard disk...you can use that os to copy the important files in system and give it to repair shop..,os called ubandu run without installing hard disk use os copy important files system give repair shop,os call ubandu run without instal hard disk use os copi import file system give repair shop,os call ubandu run without instal hard disk use os copi import file system give repair shop
"Sorry, I'll call later",sorry call later,sorri call later,sorri call later
U say leh... Of course nothing happen lar. Not say v romantic jus a bit only lor. I thk e nite scenery not so nice leh.,u say leh course nothing happen lar say v romantic jus bit lor thk e nite scenery nice leh,u say leh cours noth happen lar say v romant ju bit lor thk e nite sceneri nice leh,u say leh cours noth happen lar say v romant jus bit lor thk e nite sceneri nice leh
"500 New Mobiles from 2004, MUST GO! Txt: NOKIA to No: 89545 & collect yours today!From ONLY £1 www.4-tc.biz 2optout 087187262701.50gbp/mtmsg18",new mobiles must go txt nokia collect today optout gbp mtmsg,new mobil must go txt nokia collect today optout gbp mtmsg,new mobil must go txt nokia collect today optout gbp mtmsg
Would really appreciate if you call me. Just need someone to talk to.,would really appreciate call need someone talk,would realli appreci call need someon talk,would realli appreci call need someon talk
"Will u meet ur dream partner soon? Is ur career off 2 a flyng start? 2 find out free, txt HORO followed by ur star sign, e. g. HORO ARIES",u meet ur dream partner soon ur career flyng start find free txt horo followed ur star sign e g horo aries,u meet ur dream partner soon ur career flyng start find free txt horo follow ur star sign e g horo ari,u meet ur dream partner soon ur career flyng start find free txt horo follow ur star sign e g horo ari
Hey company elama po mudyadhu.,hey company elama po mudyadhu,hey compani elama po mudyadhu,hey compani elama po mudyadhu
"Life is more strict than teacher... Bcoz Teacher teaches lesson &amp; then conducts exam, But Life first conducts Exam &amp; then teaches Lessons. Happy morning. . .",life strict teacher bcoz teacher teaches lesson amp conducts exam life first conducts exam amp teaches lessons happy morning,life strict teacher bcoz teacher teach lesson amp conduct exam life first conduct exam amp teach lesson happi morn,life strict teacher bcoz teacher teach lesson amp conduct exam life first conduct exam amp teach lesson happi morn
Dear good morning now only i am up,dear good morning,dear good morn,dear good morn
Get down in gandhipuram and walk to cross cut road. Right side &lt;#&gt; street road and turn at first right.,get gandhipuram walk cross cut road right side lt gt street road turn first right,get gandhipuram walk cross cut road right side lt gt street road turn first right,get gandhipuram walk cross cut road right side lt gt street road turn first right
Dear we are going to our rubber place,dear going rubber place,dear go rubber place,dear go rubber place
"Sorry battery died, yeah I'm here",sorry battery died yeah,sorri batteri die yeah,sorri batteri die yeah
Yes:)here tv is always available in work place..,yes tv always available work place,ye tv alway avail work place,yes tv alway avail work place
Text & meet someone sexy today. U can find a date or even flirt its up to U. Join 4 just 10p. REPLY with NAME & AGE eg Sam 25. 18 -msg recd@thirtyeight pence,text meet someone sexy today u find date even flirt u join p reply name age eg sam msg pence,text meet someon sexi today u find date even flirt u join p repli name age eg sam msg penc,text meet someon sexi today u find date even flirt u join p repli name age eg sam msg penc
I have printed it oh. So  &lt;#&gt;  come upstairs,printed oh lt gt come upstairs,print oh lt gt come upstair,print oh lt gt come upstair
Or ill be a little closer like at the bus stop on the same street,ill little closer like bus stop street,ill littl closer like bu stop street,ill littl closer like bus stop street
Where are you?when wil you reach here?,wil reach,wil reach,wil reach
"New Theory: Argument wins d SITUATION, but loses the PERSON. So dont argue with ur friends just.. . . . kick them &amp; say, I'm always correct.!",new theory argument wins situation loses person dont argue ur friends kick amp say always correct,new theori argument win situat lose person dont argu ur friend kick amp say alway correct,new theori argument win situat lose person dont argu ur friend kick amp say alway correct
U 447801259231 have a secret admirer who is looking 2 make contact with U-find out who they R*reveal who thinks UR so special-call on 09058094597,u secret admirer looking make contact u find r reveal thinks ur special call,u secret admir look make contact u find r reveal think ur special call,u secret admir look make contact u find r reveal think ur special call
Tomarrow final hearing on my laptop case so i cant.,tomarrow final hearing laptop case cant,tomarrow final hear laptop case cant,tomarrow final hear laptop case cant
PLEASSSSSSSEEEEEE TEL ME V AVENT DONE SPORTSx,pleassssssseeeeee tel v avent done sportsx,pleassssssseeeee tel v avent done sportsx,pleassssssseeeee tel v avent done sportsx
"Okay. No no, just shining on. That was meant to be signing, but that sounds better.",okay shining meant signing sounds better,okay shine meant sign sound better,okay shine meant sign sound better
"Although i told u dat i'm into baig face watches now but i really like e watch u gave cos it's fr u. Thanx 4 everything dat u've done today, i'm touched...",although told u dat baig face watches really like e watch u gave cos fr u thanx everything dat u done today touched,although told u dat baig face watch realli like e watch u gave co fr u thanx everyth dat u done today touch,although told u dat baig face watch realli like e watch u gave cos fr u thanx everyth dat u done today touch
U don't remember that old commercial?,u remember old commercial,u rememb old commerci,u rememb old commerci
Too late. I said i have the website. I didn't i have or dont have the slippers,late said website dont slippers,late said websit dont slipper,late said websit dont slipper
I asked you to call him now ok,asked call ok,ask call ok,ask call ok
Kallis wont bat in 2nd innings.,kallis wont bat nd innings,kalli wont bat nd inning,kalli wont bat nd inning
It didnt work again oh. Ok goodnight then. I.ll fix and have it ready by the time you wake up. You are very dearly missed have a good night sleep.,didnt work oh ok goodnight fix ready time wake dearly missed good night sleep,didnt work oh ok goodnight fix readi time wake dearli miss good night sleep,didnt work oh ok goodnight fix readi time wake dear miss good night sleep
Congratulations ur awarded 500 of CD vouchers or 125gift guaranteed & Free entry 2 100 wkly draw txt MUSIC to 87066 TnCs www.Ldew.com1win150ppmx3age16,congratulations ur awarded cd vouchers gift guaranteed free entry wkly draw txt music tncs,congratul ur award cd voucher gift guarante free entri wkli draw txt music tnc,congratul ur award cd voucher gift guarante free entri wkli draw txt music tncs
Ranjith cal drpd Deeraj and deepak 5min hold,ranjith cal drpd deeraj deepak min hold,ranjith cal drpd deeraj deepak min hold,ranjith cal drpd deeraj deepak min hold
"Wen ur lovable bcums angry wid u, dnt take it seriously.. Coz being angry is d most childish n true way of showing deep affection, care n luv!.. kettoda manda... Have nice day da.",wen ur lovable bcums angry wid u dnt take seriously coz angry childish n true way showing deep affection care n luv kettoda manda nice day da,wen ur lovabl bcum angri wid u dnt take serious coz angri childish n true way show deep affect care n luv kettoda manda nice day da,wen ur lovabl bcum angri wid u dnt take serious coz angri childish n true way show deep affect care n luv kettoda manda nice day da
What you doing?how are you?,,,
"Ups which is 3days also, and the shipping company that takes 2wks. The other way is usps which takes a week but when it gets to lag you may have to bribe nipost to get your stuff.",ups days also shipping company takes wks way usps takes week gets lag may bribe nipost get stuff,up day also ship compani take wk way usp take week get lag may bribe nipost get stuff,up day also ship compani take wks way usp take week get lag may bribe nipost get stuff
"I'm back, lemme know when you're ready",back lem know ready,back lem know readi,back lem know readi
Don't necessarily expect it to be done before you get back though because I'm just now headin out,necessarily expect done get back though headin,necessarili expect done get back though headin,necessarili expect done get back though headin
Mmm so yummy babe ... Nice jolt to the suzy,mmm yummy babe nice jolt suzy,mmm yummi babe nice jolt suzi,mmm yummi babe nice jolt suzi
Where are you lover ? I need you ...,lover need,lover need,lover need
We tried to contact you re your reply to our offer of a Video Handset? 750 anytime networks mins? UNLIMITED TEXT? Camcorder? Reply or call 08000930705 NOW,tried contact reply offer video handset anytime networks mins unlimited text camcorder reply call,tri contact repli offer video handset anytim network min unlimit text camcord repli call,tri contact repli offer video handset anytim network min unlimit text camcord repli call
I‘m parked next to a MINI!!!! When are you coming in today do you think?,parked next mini coming today think,park next mini come today think,park next mini come today think
Yup,yup,yup,yup
Anyway i'm going shopping on my own now. Cos my sis not done yet. Dun disturb u liao.,anyway going shopping cos sis done yet dun disturb u liao,anyway go shop co si done yet dun disturb u liao,anyway go shop cos sis done yet dun disturb u liao
MY NO. IN LUTON 0125698789 RING ME IF UR AROUND! H*,luton ring ur around h,luton ring ur around h,luton ring ur around h
Hey I am really horny want to chat or see me naked text hot to 69698 text charged at 150pm to unsubscribe text stop 69698,hey really horny want chat see naked text hot text charged pm unsubscribe text stop,hey realli horni want chat see nake text hot text charg pm unsubscrib text stop,hey realli horni want chat see nake text hot text charg pm unsubscrib text stop
Why you Dint come with us.,dint come us,dint come us,dint come us
Same. Wana plan a trip sometme then,wana plan trip sometme,wana plan trip sometm,wana plan trip sometm
"Not sure yet, still trying to get a hold of him",sure yet still trying get hold,sure yet still tri get hold,sure yet still tri get hold
Ur ringtone service has changed! 25 Free credits! Go to club4mobiles.com to choose content now! Stop? txt CLUB STOP to 87070. 150p/wk Club4 PO Box1146 MK45 2WT,ur ringtone service changed free credits go club mobiles com choose content stop txt club stop p wk club po box mk wt,ur rington servic chang free credit go club mobil com choos content stop txt club stop p wk club po box mk wt,ur rington servic chang free credit go club mobil com choos content stop txt club stop p wk club po box mk wt
The evo. I just had to download flash. Jealous?,evo download flash jealous,evo download flash jealou,evo download flash jealous
Ringtone Club: Get the UK singles chart on your mobile each week and choose any top quality ringtone! This message is free of charge.,ringtone club get uk singles chart mobile week choose top quality ringtone message free charge,rington club get uk singl chart mobil week choos top qualiti rington messag free charg,rington club get uk singl chart mobil week choos top qualiti rington messag free charg
"Come to mu, we're sorting out our narcotics situation",come mu sorting narcotics situation,come mu sort narcot situat,come mu sort narcot situat
"Night has ended for another day, morning has come in a special way. May you smile like the sunny rays and leaves your worries at the blue blue bay.",night ended another day morning come special way may smile like sunny rays leaves worries blue blue bay,night end anoth day morn come special way may smile like sunni ray leav worri blue blue bay,night end anoth day morn come special way may smile like sunni ray leav worri blue blue bay
HMV BONUS SPECIAL 500 pounds of genuine HMV vouchers to be won. Just answer 4 easy questions. Play Now! Send HMV to 86688 More info:www.100percent-real.com,hmv bonus special pounds genuine hmv vouchers answer easy questions play send hmv info,hmv bonu special pound genuin hmv voucher answer easi question play send hmv info,hmv bonus special pound genuin hmv voucher answer easi question play send hmv info
"Usf I guess, might as well take 1 car",usf guess might well take car,usf guess might well take car,usf guess might well take car
No objection. My bf not coming.,objection bf coming,object bf come,object bf come
Thanx...,thanx,thanx,thanx
Tell rob to mack his gf in the theater,tell rob mack gf theater,tell rob mack gf theater,tell rob mack gf theater
"Awesome, I'll see you in a bit",awesome see bit,awesom see bit,awesom see bit
Just sent it. So what type of food do you like?,sent type food like,sent type food like,sent type food like
All done? All handed in? Celebrations in full swing yet?,done handed celebrations full swing yet,done hand celebr full swing yet,done hand celebr full swing yet
You got called a tool?,got called tool,got call tool,got call tool
"Wen u miss someone, the person is definitely special for u..... But if the person is so special, why to miss them, just Keep-in-touch gdeve..",wen u miss someone person definitely special u person special miss keep touch gdeve,wen u miss someon person definit special u person special miss keep touch gdeve,wen u miss someon person definit special u person special miss keep touch gdeve
Ok. I asked for money how far,ok asked money far,ok ask money far,ok ask money far
Okie...,okie,oki,oki
"Yeah I think my usual guy's still passed out from last night, if you get ahold of anybody let me know and I'll throw down",yeah think usual guy still passed last night get ahold anybody let know throw,yeah think usual guy still pass last night get ahold anybodi let know throw,yeah think usual guy still pass last night get ahold anybodi let know throw
"K, I might come by tonight then if my class lets out early",k might come tonight class lets early,k might come tonight class let earli,k might come tonight class let earli
Ok..,ok,ok,ok
hi baby im cruisin with my girl friend what r u up 2? give me a call in and hour at home if thats alright or fone me on this fone now love jenny xxx,hi baby im cruisin girl friend r u give call hour home thats alright fone fone love jenny xxx,hi babi im cruisin girl friend r u give call hour home that alright fone fone love jenni xxx,hi babi im cruisin girl friend r u give call hour home that alright fone fone love jenni xxx
"My life Means a lot to me, Not because I love my life, But because I love the people in my life, The world calls them friends, I call them my World:-).. Ge:-)..",life means lot love life love people life world calls friends call world ge,life mean lot love life love peopl life world call friend call world ge,life mean lot love life love peopl life world call friend call world ge
"Dear,shall mail tonite.busy in the street,shall update you tonite.things are looking ok.varunnathu edukkukayee raksha ollu.but a good one in real sense.",dear shall mail tonite busy street shall update tonite things looking ok varunnathu edukkukayee raksha ollu good one real sense,dear shall mail tonit busi street shall updat tonit thing look ok varunnathu edukkukaye raksha ollu good one real sens,dear shall mail tonit busi street shall updat tonit thing look ok varunnathu edukkukaye raksha ollu good one real sens
Hey you told your name to gautham ah?,hey told name gautham ah,hey told name gautham ah,hey told name gautham ah
Haf u found him? I feel so stupid da v cam was working.,haf u found feel stupid da v cam working,haf u found feel stupid da v cam work,haf u found feel stupid da v cam work
Oops. 4 got that bit.,oops got bit,oop got bit,oop got bit
Are you this much buzy,much buzy,much buzi,much buzi
I accidentally deleted the message. Resend please.,accidentally deleted message resend please,accident delet messag resend pleas,accident delet messag resend pleas
T-Mobile customer you may now claim your FREE CAMERA PHONE upgrade & a pay & go sim card for your loyalty. Call on 0845 021 3680.Offer ends 28thFeb.T&C's apply,mobile customer may claim free camera phone upgrade pay go sim card loyalty call offer ends thfeb c apply,mobil custom may claim free camera phone upgrad pay go sim card loyalti call offer end thfeb c appli,mobil custom may claim free camera phone upgrad pay go sim card loyalti call offer end thfeb c appli
Unless it's a situation where YOU GO GURL would be more appropriate,unless situation go gurl would appropriate,unless situat go gurl would appropri,unless situat go gurl would appropri
Hurt me... Tease me... Make me cry... But in the end of my life when i die plz keep one rose on my grave and say STUPID I MISS U.. HAVE A NICE DAY BSLVYL,hurt tease make cry end life die plz keep one rose grave say stupid miss u nice day bslvyl,hurt teas make cri end life die plz keep one rose grave say stupid miss u nice day bslvyl,hurt teas make cri end life die plz keep one rose grave say stupid miss u nice day bslvyl
I cant pick the phone right now. Pls send a message,cant pick phone right pls send message,cant pick phone right pl send messag,cant pick phone right pls send messag
